cloneId;readCount;readFraction;targetSequences;targetQualities;allVHitsWithScore;allDHitsWithScore;allJHitsWithScore;allCHitsWithScore;allVAlignments;allDAlignments;allJAlignments;allCAlignments;nSeqFR1;minQualFR1;nSeqCDR1;minQualCDR1;nSeqFR2;minQualFR2;nSeqCDR2;minQualCDR2;nSeqFR3;minQualFR3;nSeqCDR3;minQualCDR3;nSeqFR4;minQualFR4;aaSeqFR1;aaSeqCDR1;aaSeqFR2;aaSeqCDR2;aaSeqFR3;aaSeqCDR3;aaSeqFR4;refPoints
0;12945.0;0.24139409987692537;GACATGGTGGTANCGATACNCACCATGTCTGTCTCCTTCCTCATCTTCCTGCCCGTGCTGGGCCTCCCATGGGGTCAGTGTCAGGGAGATGCCGTATTCACAGCAGCATTCACAGACTGAGGGGTGTTTCACTTTGCTGTTTCCTTTTGTCTCCAGGTGTCCTGTCACAGGTACAGCTGCAGCAGTCAGGTCCAGGACTGGTGAAGCCCTCGCAGACCCTCTCACTCACCTGTGCCATCTCCGGGGACAGTGTCTCTAGCAACAGTGCTGCTTGGAACTGGATCAGGCAGTCCCCATCGAGAGGCCTTGAGTGGCTGGGAAGGACATACTACAGGTCCAAGTGGTATAATGATTATGCAGTATCTGTGAAAAGTCGAATAACCATCAACCCAGACACATCCAAGAACCAGTTCTCCCTGCAGCTGAACTCTGTGACTCCCGAGGACACGGCTGTGTATTACTGTGCAAGAGGGCCCCCCCCTCTTAGTGGGAGCTACCCCACGGTCGGATACTGGTACTTCAATCTCTGGGGCCGTGGNACCCTGGTCACNGTNT,CCAGGCACCAGGCCAGGTATCTGGGGTCTGCAGCCGGCCTGGGTCTGGCCTGAGGCCACACCAGCTGCCATCCCTGGGGTCTCCGCCATGGGCTGCATGCCAG;"[[[[[[[[[[[[!([[1,-!1.9-567587:56998=@<@[=5<[7:=@<9[;=;89;7=A9:969:;C:9:796[;<8>7?7;;>769?===;8=:8<<;<=?:>=;;:F9<<B<[?F9;;==7998><;<=;=97:<7=@;=:9=8=;>;:<;::7?;>;8<8=7B91988B<16::<99:<;<;88<8;::A<:C;;>7>::A==;>>7<>?:>;=;;:?:7==:<88?:=;>:==:A=8:9;8=>>::9>9@<>?:;>?<28<@<?B9;>=::::>>;=>=>;><?9<>?==:>><=;>>B?<:=;;:?>?;:=?9>=?8@:;;;;=;9>>7?@:=>7>?7?><<;<><<=<==<;<><A;<9?<;<9>9@=;;9=:7>:8;8<:;67553234433385443374344456;5;=923;:;;3;D:>:?9?:A>>?>;@<=8>>>?<?;;<?=?<<''''''''''''''''''''''''''''''''''''''''''''''''''''''''''''''''''''';<A;66A;!3?><*)858'7!'6!+,.+*[**,,,(+[[++++[++++[[[+**[***[**[****[**[[*)[[[****[***[,[[[[[[[[[[[[[[[[[[[[[[[[[[[[[[[[[FFFFFDDDCC";IGHV6-1*00(898,5);IGHD1-26*00(65);IGHJ2*00(143,3);;77|547|568|0|471|SG78AI81TST82GSC83TSA84GSC85GSC86TSG88NSA89CSC91ASC93ASA95NSG96CSA99C|2129.0,;24|37|60|484|497||65.0,;21|67|73|509|555|SG33ASC50NST62NSC65N|178.0,;;CAGGTACAGCTGCAGCAGTCAGGTCCAGGACTGGTGAAGCCCTCGCAGACCCTCTCACTCACCTGTGCCATCTCC;16;GGGGACAGTGTCTCTAGCAACAGTGCTGCT;17;TGGAACTGGATCAGGCAGTCCCCATCGAGAGGCCTTGAGTGGCTGGGAAGG;24;ACATACTACAGGTCCAAGTGGTATAAT;22;GATTATGCAGTATCTGTGAAAAGTCGAATAACCATCAACCCAGACACATCCAAGAACCAGTTCTCCCTGCAGCTGAACTCTGTGACTCCCGAGGACACGGCTGTGTATTAC;17;TGTGCAAGAGGGCCCCCCCCTCTTAGTGGGAGCTACCCCACGGTCGGATACTGGTACTTCAATCTCTGG;6;region_not_covered;region_not_covered;QVQLQQSGPGLVKPSQTLSLTCAIS;GDSVSSNSAA;WNWIRQSPSRGLEWLGR;TYYRSKWYN;DYAVSVKSRITINPDTSKNQFSLQLNSVTPEDTAVYY;CARGPPPLSGSYPTVGYWYFNLW;region_not_covered;0:24:73:156:167:242:272:323:350:461:-1:471:484:-4:-3:497:509:-1:530:::,:::::::::::::::::::::
1;12556.0;0.23414015589452877;ATACCACNCACCATGGAGNTNGGGCTGAGCTGGGTTTTCCTCGTTGCTCTTTTAAGAGGTGATTCATGGAGAAACAGAGAGACTGAGTGTGAGTGAACATGAGTGAGAAAAACTGGACTTGTGTGGCATTCTCTGATCACGGTGTCCTTCTGTTTGCAGGTGTCCAGTGTCAGGGGCAACTAGTGGAGTCGGGGGGAGCCGGGGTCCAGCCTGGGAGGACCCTGACACTCTCCTGTGCAGCTTCTGGATTCACCTTCTCTACTTATGGCATGCACTGGGTCCGCCAGGCTCCAGGCAAGGGGCTGGAGTGGGTGGCAGTTATATCATTTGATGGAATTAACAAAAACTATGGAGACTCCGTGAGGGGCCGATTCACCGTCTCCAGAGACAATTCCGAGAACACCGTGTATCTTCAGATGAAGGGCCTGAGAGTTGAAGACACGGCTGTATATTATTGTGCGAGAGTCTCCTTGGGGGGTGAGTTCCTTTCTTTCCGCTACTACGGCATGGACGTCTGGGGCCAAGGNACCNNGGTCACCGTCT,CNTCAGATGAAGGGCCTGAGAGTTGAAGACACGGCTGTATATTATTGTGCGAGAGGCTCCTTGGGGGGTGAGTTCCTTTCTTTCCGCTACTACGGCATGGACGTCTGGGGCCAAGGGACCACGGTCACCGTCTCCAGAGAC;"[[[.//[![029[3393,!9!*<-[:,(:;8<=>5=9;=<=;@8;AD;D7>::<9<7[<4=88?=:A<;7;9;9;:>7;9>7<<>8?998<6@9[;<<;==7E8?8B=;C:=@<C@:8;<@8=7=<><<;::?:[>>;:><?6=9;;89=B@:;9:<9A?6>;;;;:6B789<<6>;>5;?5;8A>=?:A3?>@;;7>5;769<78;:<;D8:>>6?@4;>@7;:7;<7>:<=8B6:=:<<69@8<D8::=9=>9<>67;;52;;8;9<;:A;9;;;=A:==;?@:<><:<?:>><:<@>@>>;>>7?8@?@5>>>:L;@?:?>C=>=<><<?>;9=??<?<==:;?A=<A>:=:B;@AB:C<?>?@>;E;;>>;A==9E6>@@@<D;?<A;:@A>>@<;B6[89:??>;B;;A>@<<B=<>>@>?<H;B;A=<A?=A:C9A<?A<A=@@@=>A=,,,,,,,,,,,,,,,,,,,,,,,,,,,,,,,,,,,,,,,,,,,,,,,,,,,,,,,,,,,,,,,?>><98==!5-5!!2473(,*+/(,,[!)[''''[[[[[[[[[[[[[[[[[[[[[[[[[[[[[[[[[[[[[[HGBEE?EAA/BGFFCFHHHGGG/>.>>=FGBGHFFHHFGC.<CCCG0EC?C-CAGG::.9.//@.;.E9CB..;CE.@CB?BBA9--;FF//-9-";IGHV3-30*00(566,5),IGHV3-30-5*00(565,5);IGHD3-16*00(35),IGHD1-7*00(30);IGHJ6*00(144,7);;"88|550|574|0|462|SG89TSG91CSG92CST95NST106NST108NST162CST205CST218CSA225CST262GSG266ASG269AST278GSG286CST289GST306ASG313CSC329TSA345TSG346CSG349CSC350TSA415TSG424TST428CST432ASC439GSA451GSA465GSA483GSG491CSC492GSG500TSA503GSC509GSA510GSC520TSG524ASG536ASC542T|1666.0,;543|550|574|455|462||35.0,";"52|59|111|470|477||35.0,;2|8|51|480|486||30.0,";30|77|83|496|543|ST39CSG60NSA64NSC65N|183.0,;;CAGGGGCAACTAGTGGAGTCGGGGGGAGCCGGGGTCCAGCCTGGGAGGACCCTGACACTCTCCTGTGCAGCTTCT;18;GGATTCACCTTCTCTACTTATGGC;17;ATGCACTGGGTCCGCCAGGCTCCAGGCAAGGGGCTGGAGTGGGTGGCAGTT;20;ATATCATTTGATGGAATTAACAAA;24;AACTATGGAGACTCCGTGAGGGGCCGATTCACCGTCTCCAGAGACAATTCCGAGAACACCGTGTATCTTCAGATGAAGGGCCTGAGAGTTGAAGACACGGCTGTATATTAT;21;TGTGCGAGAGTCTCCTTGGGGGGTGAGTTCCTTTCTTTCCGCTACTACGGCATGGACGTCTGG;11;region_not_covered;region_not_covered;QGQLVESGGAGVQPGRTLTLSCAAS;GFTFSTYG;MHWVRQAPGKGLEWVAV;ISFDGINK;NYGDSVRGRFTVSRDNSENTVYLQMKGLRVEDTAVYY;CARVSLGGEFLSFRYYGMDVW;region_not_covered;0:12:58:159:170:245:269:320:344:455:-4:462:470:-15:-15:477:496:-10:518:::,:::::::::::::::::::::
2;10546.0;0.19665833737366203;TACCACCATGGGGTCAACCGCCATCCTCGCCCTCCTCCTGGCTGTTCTCCAAGGTCAGTCCTGCCGAGGGCTTGAGGTCACAGAGGAGAACGGGTGGAAAGGAGCCCCTGATTCAAATTTTGTGTCTCCCCCACAGGAGTCTGTGCCGAGGTGCAGCTGGTGCAGTCTGGAGCAGAGGTGAAAAAGCCCGGGGAGTCTCTGAAGATCTCCTGTAAGGGTTCTGGATACAGCTTTACCAACTACTGGATCGGCTGGGTGCGCCAGATGCCCGGGAAAGGCCTGGAGTGGATGGGGATCATCTATCCTGGTGACTCTGATACCAGATACAGCCCGTCCTTCCAAGGCCAGGTCACCATCTCAGCCGACAAGTCCATCAGCACCGCCTACCTGCAGTGGAGCAGCCTGAAGGCCTCGGACACCGCCATGTATTACTGTGCGAGACGGGGGTATAGCAGCAGCTGGCCCACCCACTCCCTGTACTACTTTGACTACTGGGGCCAGGGNACCCTGGTCNNC,TTAACTCTGAAGGGTTTTGCTGCATTTTTGGGGGGAAATAAGGGTGCTGGGTCTCCTGCCAAGAGAGCCCCGGAGCAGCCTG,GGANGCCCTGAGGCAACAGCGGCCACACAGACGAGGGGCAAGGGCTCCAGATGCT;"+,10149633:[=647[;[>[[?[<?77<?9;46A<[A=68A8=78;>88687979:=98<5>8?99@C>D::>9=;<<=@8=9>?>[;:A==<5<:;;;;::<=;:=:?<;:B9==A;<=;9<;@69=A>:9;:>;8F:><@9?=;>8=@5?=:B<99+6?@:H:?:<=9GB>>8;D6D999:8A?<;:<=;:=:?9@:=9:I:<?;@?:<=B;[?97=?9;@>;=>;;78<:><>>08<;>;=<=;==4B;:<";IGHV5-51*00(881,2);IGHD6-13*00(90);IGHJ4*00(152,6);;93|535|556|0|442|SC93TST98CSG331A|2162.0,,;21|39|63|444|462||90.0,,;18|58|68|476|516|SA45NSA55NSC56N|164.0,,;;GAGGTGCAGCTGGTGCAGTCTGGAGCAGAGGTGAAAAAGCCCGGGGAGTCTCTGAAGATCTCCTGTAAGGGTTCT;10;GGATACAGCTTTACCAACTACTGG;15;ATCGGCTGGGTGCGCCAGATGCCCGGGAAAGGCCTGGAGTGGATGGGGATC;19;ATCTATCCTGGTGACTCTGATACC;22;AGATACAGCCCGTCCTTCCAAGGCCAGGTCACCATCTCAGCCGACAAGTCCATCAGCACCGCCTACCTGCAGTGGAGCAGCCTGAAGGCCTCGGACACCGCCATGTATTAC;13;TGTGCGAGACGGGGGTATAGCAGCAGCTGGCCCACCCACTCCCTGTACTACTTTGACTACTGG;9;region_not_covered;region_not_covered;EVQLVQSGAEVKKPGESLKISCKGS;GYSFTNYW;IGWVRQMPGKGLEWMGI;IYPGDSDT;RYSPSFQGQVTISADKSISTAYLQWSSLKASDTAMYY;CARRGYSSSWPTHSLYYFDYW;region_not_covered;0:7:53:136:147:222:246:297:321:432:-1:442:444:0:-3:462:476:2:495:::,:::::::::::::::::::::,:::::::::::::::::::::
3;7829.0;0.14599261552232126;CGATACNCACCATGGACTGGACCTGGAGGATCCTCTTCTTGGTGGCAGCAGCAACAGGTAAGGGGCTCCCCAGTCACTGGGCTGAGGGAGAAACCAGCACAGTCAAGTGAGACTTCATGCACTCCCATCTCCTCGCCACAGGTGCCCACTCCCAGGTGCAGCTGGTGCAATCTGGGTCTGAGTTGAAGAAGCCTGGGGCCTCGGTGAAGGTTTCCTGCAAGACTTCTGGATACACTTTCAGAACCCATGTTATGAATTGGGTGCGACAGGCCCCTGGACAAGGGCTTGAGTGGATGGGATGGATCGATACCAACACTGGGAACCCAACGTATGCCCAGGGCTTCACAGGACGGTTTGTCTTCTCCTTGGACACTTCTGTCAGCACGGCATACCTGCAGATCAACAGCCTAGAGGCTGATGACACTGCCGTGTATTACTGTGCGAGACCCGTGCCTACTACGGAGAATGCTTTCGATTTCTGGGGCCAAGGGACAATGGTCNCCGTC,TCTCTGGGCCCAGCGTCCTCTGTCCTGGAACTGAGACATAATGTCCGGGGCCTCCTTGGTCTGCGCTGGGCCATGTGGGGC;"[[[[+.!143:3=667958;77[<:;;1+089<89692189:67<:8:989;4;>8<?5;:;989;9:D<:>>9[4D3:=<>A>9?>96=8;8;>>=97<8@:=<7@6;8=9=8;:8799==3793373=9<;>2=<=C:C;4>2>:=2:;=;9:;69@:899=?7C?=1@A;=>:1?<B7?1<A<9;9<>>?97?;3=;<?;=7@;8AA71;;=9=?=;@1=<9>;;@=23>9:18<=860<1A09<809>;/8..=:>;69:><;;96;;<?7;?;;98>?<<;9;<E8<<:=<<>8:D=8:>;;:=<=;=?;B>;=?;:==<=<=C8E;:<><:?A[:9;><?;5:43855447665669:<89:?9<7;8==;<;>=<@:>A>>==7AA<A?<>=;?><D>?@E;<A<@A?<?>;@=B;A<?>?=<A?>@<@A.............................................AA@C>;E@.<>+./>2-(!+)*2/,[[[[[[[[[[[[[[[[[[[[[[[[[[[[[[[[[[[[[[[[[[[V[[[[[[[[[[[[[[[[[[[[[[[[[[[[[[[[ABAAA";IGHV7-4-1*00(832);IGHD1-26*00(40),IGHD2-15*00(39),IGHD4-17*00(35);IGHJ3*00(100,8);;89|535|557|0|446|SA89CSC91ASC93ASA95NST223GSA291GSG310ASC324TSC329GST330ASG332CST334CSC338TSA394GSC396TSC462TST480CST490ASG491ASA499GSG507T|1898.0,;"33|41|60|453|461||40.0,;55|66|93|453|464|SC60A|39.0,;18|25|48|455|462||35.0,";22|63|70|465|506|ST29CSA33TSA57N|161.0,;;CAGGTGCAGCTGGTGCAATCTGGGTCTGAGTTGAAGAAGCCTGGGGCCTCGGTGAAGGTTTCCTGCAAGACTTCT;16;GGATACACTTTCAGAACCCATGTT;15;ATGAATTGGGTGCGACAGGCCCCTGGACAAGGGCTTGAGTGGATGGGATGG;13;ATCGATACCAACACTGGGAACCCA;23;ACGTATGCCCAGGGCTTCACAGGACGGTTTGTCTTCTCCTTGGACACTTCTGTCAGCACGGCATACCTGCAGATCAACAGCCTAGAGGCTGATGACACTGCCGTGTATTAC;18;TGTGCGAGACCCGTGCCTACTACGGAGAATGCTTTCGATTTCTGG;13;region_not_covered;region_not_covered;QVQLVQSGSELKKPGASVKVSCKTS;GYTFRTHV;MNWVRQAPGQGLEWMGW;IDTNTGNP;TYAQGFTGRFVFSLDTSVSTAYLQINSLEADDTAVYY;CARPVPTTENAFDFW;region_not_covered;0:11:57:141:152:227:251:302:326:437:-2:446:453:-13:1:461:465:-2:482:::,:::::::::::::::::::::
4;5512.0;0.10278596203334203;GACATGGTGGTATCGATACNCACCATGTCTGTCTCCTTCCTCATCTTCCTGCCCGTGCTGGGCCTCCCATGGGGTCAGTGTCAGGGAGATGCCGTATTCACAGCAGCATTCACAGACTGAGGGGTGTTTCACTTTGCTGTTTCCTTTTGTCTCCAGGTGTCCTGTCACAGGTACAGCTGCAGCAGTCAGGTCCAGGACTGGTGAAGCCCTCGCAGACCCTCTCACTCACCTGTGCCATCTCCGGGGACAGTGTCTCTAGCAACAGTGCTGCTTGGAACTGGATCAGGCAGTCCCCATCGAGAGGCCTTGAGTGGCTGGGAAGGACATACTACAGGTCCAAGTGGTATAATGATTATGCAGTATCTGTGAAAAGTCGAATAACCATCAACCCAGACACATCCAAGAACCAGTTCTCCCTGCAGCTGAACTCTGTGACTCCCGAGGACACGGCTGTGTATTACTGTGCAAGAGGGCCCCCCCCTCTTAGTGGGAGCTACCCCACGGTCGGATACTGGTACTTCGATCTCTGGGGCCGTGGNACCCTGGTCNCNGTNTNC,AGTCTTCTCTGTCCAGGCACCAGGCCAGGTATCTGGGGTCTGCAGCCGGCCTGGGTCTGGCCTGAGGCCACACCAGCTGCCATCCCTGGGGTCTCCGCCATGGGCTGCATGCCAGAGCCCTGCTGTCACTTAGCCC;"AAAAAFFFFCBFGG[[-))![0[.4[[9[7:[[:[:[[[[[;68[5<[<;8[<<[<[[[[[[:99=6:[3>[[:9>7;6?6:[@:[<<@6=[@[=[9:;=@==::=>[;AA=>:><;:[8AA>B85;<9>;?>[;B7>;8?B8=;[:::7?<:9<<88<6<<99:[7<;1:9:=;19::[8=;>;8;=;=9=>=;><?;9D8=>9?D;?<>7A;?9==D8B:>;89A;A=9;9?>@7>B:@@;9<><<:;9?9@:=:=@88<8?29<>;?=;:>?:9>9C@;=>;:AA9<9;=><@:>>;>:<:D?;:;:9:=>:;<<>8;:A9<;;:;=<::=@8><=;=7=@6<=;?A?<;?>=:;8<<?;::>9@@D<?B8?@D9=:;5@98A8;?<69553324423276353375343466;5:?:13<;=92=C;=<?:A;=@=?=<D>=8AA<A:B<;@B@@<=*********************************************************************?=?<55D;!4=>=*)89:!9!'[!,!+,++[+++[[[[[***)['[[[[[[[[[[[[[[[[[[[[[[[[[[[[[[[[[[[[[[[[[[[[[[[[[[[[[[[[[[[[[[[[[[[[[[[[[[[[[[[[[[[[[[[[[[[[[[[[[[[[[[[[[[[[FFFFFFCCCCC";IGHV6-1*00(899,2);IGHD1-26*00(65);IGHJ2*00(159,7);;77|547|568|0|471|SG78AI81TST82GSC83TSA84GSC85GSC86TSG88TSA89CSC91ASC93ASA95NSG96CSA99C|2125.0,;24|37|60|484|497||65.0,;21|69|73|509|557|SC50NSA60NST62NSC65NSC67N|180.0,;;CAGGTACAGCTGCAGCAGTCAGGTCCAGGACTGGTGAAGCCCTCGCAGACCCTCTCACTCACCTGTGCCATCTCC;16;GGGGACAGTGTCTCTAGCAACAGTGCTGCT;17;TGGAACTGGATCAGGCAGTCCCCATCGAGAGGCCTTGAGTGGCTGGGAAGG;23;ACATACTACAGGTCCAAGTGGTATAAT;21;GATTATGCAGTATCTGTGAAAAGTCGAATAACCATCAACCCAGACACATCCAAGAACCAGTTCTCCCTGCAGCTGAACTCTGTGACTCCCGAGGACACGGCTGTGTATTAC;16;TGTGCAAGAGGGCCCCCCCCTCTTAGTGGGAGCTACCCCACGGTCGGATACTGGTACTTCGATCTCTGG;9;region_not_covered;region_not_covered;QVQLQQSGPGLVKPSQTLSLTCAIS;GDSVSSNSAA;WNWIRQSPSRGLEWLGR;TYYRSKWYN;DYAVSVKSRITINPDTSKNQFSLQLNSVTPEDTAVYY;CARGPPPLSGSYPTVGYWYFDLW;region_not_covered;0:24:73:156:167:242:272:323:350:461:-1:471:484:-4:-3:497:509:-1:530:::,:::::::::::::::::::::
5;3453.0;0.064390407638086;ATACCACCATGGACTGGACCTGGAGGTTCCTCTTTGTGGTGGCAGCAGCTACAGGTAAGGGGCTTCCTAGTCCTAAGGCTGAGGAAGGGATCCTGGTTTAGTTAAAGAGGATTTTATTCACCCCTGTGTCCTCTCCACAGGTGTCCAGTCCCAGGTGCAGCTGGTGCAGTCTGGGGCTGAGGTGAAGAAGCCTGGGTCCTCGGTGAAGGTCTCCTGCAAGGCTTCTGGAGGCACCTTCAGCAGCTATGCTATCAGCTGGGTGCGACAGGCCCCTGGACAAGGGCTTGAGTGGATGGGAGGGATCATCCCTATCTTTGGTACAGCAAACTACGCACAGAAGTTCCAGGGCAGAGTCACGATTACCGCGGACGAATCCACGAGCACAGCCTACATGGAGCTGAGCAGCCTGAGATCTGAGGACACGGCCGTGTATTACTGTGCGAGAGAGGGTGAGCGATTTTTGGAGTGGTCCCCTTACAACTGGTTCGACCCCTGGGGCCAGGGNACCCTGGTCNNC,CTTAGGGAGACTCAGCTTGCCAGGGTCTCAGGGTCAGNNNCTTGGAGGCATTTTGGAGGTCAGGAAAGAAAGCCGGGGAGAGGGACCCTTCGAATGGGAACCCAGCC;"[[[[[[0[4[0[[[[[[[4[67442-377[2725,-78855587<599[295796768[[[[[:[:[>[95?>?>:????:7[;;;?[99:8;[[:78?<[<?[98?;[@7[8;<[[9@?;6:[7577A>=9[5><:[=[;4B07:907;97==[70:<//09B8[[[29?:=961C8>7;-8?@58?97<C7C:C-:;:8696<8;@:90?8:9:7::;/68:[8897,,<=[,=@C<4,4+9+4<4+7@5+<++DAA@59:8D>@A9<9?A9>E;5?9[=A@?9<=D;=A<;<A>87??9<;;<>=E<>:=:;:[@9:;;>><<;;[[9AB<E@AFA>:>;>=[=E@;E;@8?7:98334353426;161241281<9737>4>?=<==<;A=>;?<G?B@<?<B;<>?<<E:?;>?;H;<<=?@B:???<>==,,,,,,,,,,,,,,,,,,,,,,,,,,,,,,,,,,,,,,,,,,,,,,,,,,,,,,,,,,,,;<<:41?6!1;77)(373!!,,[[[[[[[[[[[[[[[[[[[[[[[[[[[[[[[[[[[[[!!!HHHHHHHHHHHHHHHHHHHHHHHHHHHHHGGGGGGHHHHHHHHHHGGGGGGGGGGFFFCFCCCDDDC";IGHV1-69*00(873,2);IGHD3-3*00(80);IGHJ5*00(162,7);;92|539|559|0|447|ST92ASC93TST95C|2187.0,;37|53|93|454|470||80.0,;19|61|71|475|517|SA48NSA58NSC59N|174.0,;;CAGGTGCAGCTGGTGCAGTCTGGGGCTGAGGTGAAGAAGCCTGGGTCCTCGGTGAAGGTCTCCTGCAAGGCTTCT;12;GGAGGCACCTTCAGCAGCTATGCT;10;ATCAGCTGGGTGCGACAGGCCCCTGGACAAGGGCTTGAGTGGATGGGAGGG;10;ATCATCCCTATCTTTGGTACAGCA;24;AACTACGCACAGAAGTTCCAGGGCAGAGTCACGATTACCGCGGACGAATCCACGAGCACAGCCTACATGGAGCTGAGCAGCCTGAGATCTGAGGACACGGCCGTGTATTAC;16;TGTGCGAGAGAGGGTGAGCGATTTTTGGAGTGGTCCCCTTACAACTGGTTCGACCCCTGG;11;region_not_covered;region_not_covered;QVQLVQSGAEVKKPGSSVKVSCKAS;GGTFSSYA;ISWVRQAPGQGLEWMGG;IIPIFGTA;NYAQKFQGRVTITADESTSTAYMELSSLRSEDTAVYY;CAREGERFLEWSPYNWFDPW;region_not_covered;0:8:54:140:151:226:250:301:325:436:0:447:454:-6:-9:470:475:1:496:::,:::::::::::::::::::::
6;701.0;0.0130720173050386;CCACCATGAAACACCTGTGGTTCTTCCTCCTGCTGGTGGCGGCTCCCAGATGTGAGTGTTTCTAGGATGCAGACATGGAGATATGGGAGGCTGCCTCTGATCCCAGGGCTCACTGTGGGTTTTTCTGTTCACAGGGGTCCTGTCCCAGCTGCAGCTGCAGGAGTCGGGCCCAGGACTGGTGAAGCCTTCGGAGACCCTGTCCCTCACCTGCACTGTCTCTGGTGGCTCCATCAGCAGTAGTAGTTACTACTGGGGCTGGATCCGCCAGCCCCCAGGGAAGGGGCTGGAGTGGATTGGGAGTATCTATTATAGTGGGAGCACCTACTACAACCCGTCCCTCAAGAGTCGAGTCACCATATCCGTAGACACGTCCAAGAACCAGTTCTCCCTGAAGCTGAGCTCTGTGACCGCCGCAGACACGGCTGTGTATTACTGTGCGAGACAGGCCCAAAAATTACGATATTTTGACTGCCCAGGTGGTACTACTACATGGACGTCTGGGGCAAAGGNACCNNGGTCACCGTCNNNT;"BC[[[[[[[[[[[[[[[[[[[[[[[[[[[[[/[[[[[/[/.[[[[[[/0[[000[[[[[[[4[[[[[[[[[1[[[[[[[[[[[[[[[[[[[[[[[[[[[[[[[[[3[[[[[[3[[[[[[[3[2[334[[[[[4[[[[2[[4[[[[[[22[[[[[[[[[[[[[[9[[[[[[[[[[6[:[[6[[[[6[[[[76:[6:[[::[7:[;;67144[[3884[;[5[[[<2[<8888[[;7[8<8<[[1<[<9[[[[[9[[[9[[::5[64[[9[9[[[[[=99=[>:7[[[[[[;[34:=>[[6149[6;:[[[6[07[>):[9[@:;[4[[;;:;6[6<[:;6[[8[?[?[[[8?[=?;[[=7;6[47348-5/+6-45.2+210,2/4+5:4/35/40/51/33/45013==:[[:[[A[=A[[=[8[=[[=A:<:--------------------------------------------------------------------[67,<@[[!:/5!!55[2-5.-[)!!!,";IGHV4-39*00(806,5);IGHD3-9*00(90);IGHJ6*00(87,6);;95|539|559|0|444|SA95CSG96CSA98CSA99CSG105A|2140.0;33|51|93|453|471||90.0;40|80|83|489|529|SC55ASG60NSA64NSC65NST76NSC77NSC78N|112.0;;CAGCTGCAGCTGCAGGAGTCGGGCCCAGGACTGGTGAAGCCTTCGGAGACCCTGTCCCTCACCTGCACTGTCTCT;16;GGTGGCTCCATCAGCAGTAGTAGTTACTAC;16;TGGGGCTGGATCCGCCAGCCCCCAGGGAAGGGGCTGGAGTGGATTGGGAGT;16;ATCTATTATAGTGGGAGCACC;8;TACTACAACCCGTCCCTCAAGAGTCGAGTCACCATATCCGTAGACACGTCCAAGAACCAGTTCTCCCTGAAGCTGAGCTCTGTGACCGCCGCAGACACGGCTGTGTATTAC;10;TGTGCGAGACAGGCCCAAAAATTACGATATTTTGACTGCCCAGGTGGTACTACTACATGGACGTCTGG;12;region_not_covered;region_not_covered;QLQLQESGPGLVKPSETLSLTCTVS;GGSISSSSYY;WGWIRQPPGKGLEWIGS;IYYSGST;YYNPSLKSRVTISVDTSKNQFSLKLSSVTAADTAVYY;CARQAQKLRYF_LPRWYYYMDVW;region_not_covered;0:5:51:134:145:220:250:301:322:433:0:444:453:-2:-11:471:489:-20:501:::
7;12.0;2.2377205087084623E-4;GAGCTGGGTTTTCCTCGTTGCTCTTTTAAGAGGTGATTCATGGAGAAACAGAGAGACTGAGTGTGAGTGAACATGAGTGAGAAAAACTGGACTTGTGTGGCATTCTCTGATCACGGTGTCCTTCTGTTTGCAGGTGTCCAGTGTCAGGGGCANCTNGTGGAGTCNGGGGGAGCCGNGGTCCAGCCTGGGAGGTCCCTGACACTCTCCTGTNCANCNTCTGGATTCACCTTCATTACTTATGGCATGCACTGGGTCCGCCAGGCTCCAGGCAAGGGACTGGAGTGGGTGGCAGTTATATCATNTGATGGAANNAACAAAAACTATGCGGACTCCGTGAGGGGCCGATTCACCGTCTCCAGAGACAATTCCGAGAACACGGTGTTTCTGCAAATGAACAGCCTGAGAGTTGAGGACACGGCTGTGTATTATTGTGCGAAAGTCTCCTTGGGGGGGGAGTTCCGTTCTTTCCGCTACTACGGCATGGACGTCTGGGGCCAAGGNACCNNGGTCACCG;B?AAAFFB4AABGGGGGGGGGGHHGGHHHHGHHF[[[[Z[[[[[[[[[[[[[[[[[[[[[[[[[[[[[[[[[[[[[[[[[[[[[[[[[[[[[[[[[[[[[[[[[[[[[[[[[[[[[[[[[[[[[[[[[[[[[[[[[[[[[[[[[[[[[[[[[![[![[[[[[[[![[[[[[[[[[![[[[[[[[[GHHGHGGGHHGHHHHHHHHGHHH[[![[![![[[[[[[[[[[[[[[(([[[[[[[[[[[[[[[[[[[[[[[[[[[[[[[[[[[[[[[[[['[[[[[[[[[[[[[[[[[[[[[[[[[![[[[[[[[!![[[[[[[[[[[[[''[[[[[[[[[[[[[[[[[[[[[[[[[[[[[[+[[[[[[[[[[[[[[[[[[[[[[[[[[[[[[[[[[[[[[[[[[[[[[[[[[[[[[[[[[[[[[[[[[[[[[[[[[[[[[[[[[[[[[[[[[[[[[[[[[[[[[[[[[[[[[[[[[[[[[[[[[[[[[[[[[[[[[[[[[[[[[![[[!![[[[ABBA;IGHV3-30-5*00(768,9);IGHD3-16*00(45);IGHJ6*00(148,4);;114|553|574|0|439|ST162CST205CST218CSA225CST262GSG266NSG269NST278NSG286CST289NSG313CSG324NSG327NSC329NSG346TSG349CSC350TSG389ASA415NSG424NST425NST428CST432ASA440GSA451GSA465GSA483GSC492GSA496TSC520TSC542T|1739.0;54|63|111|449|458||45.0;30|74|83|470|514|ST39CSG60NSA64NSC65N|168.0;;CAGGGGCANCTNGTGGAGTCNGGGGGAGCCGNGGTCCAGCCTGGGAGGTCCCTGACACTCTCCTGTNCANCNTCT;0;GGATTCACCTTCATTACTTATGGC;7;ATGCACTGGGTCCGCCAGGCTCCAGGCAAGGGACTGGAGTGGGTGGCAGTT;6;ATATCATNTGATGGAANNAACAAA;0;AACTATGCGGACTCCGTGAGGGGCCGATTCACCGTCTCCAGAGACAATTCCGAGAACACGGTGTTTCTGCAAATGAACAGCCTGAGAGTTGAGGACACGGCTGTGTATTAT;6;TGTGCGAAAGTCTCCTTGGGGGGGGAGTTCCGTTCTTTCCGCTACTACGGCATGGACGTCTGG;58;region_not_covered;region_not_covered;QGXLVESGGAXVQPGRSLTLSCXXS;GFTFITYG;MHWVRQAPGKGLEWVAV;ISXDGXNK;NYADSVRGRFTVSRDNSENTVFLQMNSLRVEDTAVYY;CAKVSLGGEFRSFRYYGMDVW;region_not_covered;::32:133:144:219:243:294:318:429:-1:439:449:-17:-11:458:470:-10:492:::
8;7.0;1.3053369634132697E-4;CCTCCTGGCTGTTCTCCAAGGTCAGTCCTGCCGAGGGCTTGAGGTCACAGAGGAGAACGGGTGGAAAGGAGCCCCTGATTCAAATTTTGTGTCTCCCCCACAGGAGTCTGTGCCGAGGTGCAGCTGGTGCAGTCTGGAGCAGAGGTGAAAAAGCCCGGGGAGTCTCTGAAGATCTCCTGTAAGGGTTCTGGATACAGCTTTACCAACTACTGGATCGNCTGGGNGCGCCAGATGCCCGGGAAAGGCCTGGAGTGGATGGGGATCATCTATCCTGGTGACTCTGATACCAGATACAGCCCGTCCTTCCAAGGCCAGGTCACCATCTCAGCCGACAAGTCCATCAGCACCGCCTACCTGCAGTGGAGCAGCCTGAAGGCCTCGGACACCGCCATGTATTACTGTGCGAGACATCTTAGTAGTGGTTACCCCTTTGACTACTGGGGCCAGGGAACCCTGGTCAC;>AABAFFFFFBFGGGGGGGFGGHHHHHHHHHHGGGGG[[[[[[[[[[[[[[[[[[[[[[[[[[[[[[[[[[[[[[[[[[[[[[[[[[[[[[[[[[[[[[[[[[[[[[[[[[[[[[[[[[[[[[[[[[[[[[[[[[[[[[[[[[[[[[[[[[[[[[[[[[[[[[[[[[[[[[[[[[[[[[[[[[[[[[[[[[[[[[[[[[[[[[[['[[[[[[[[[[[![[[[[![[[[[[[[[[[[[[[[[[[[[[[[[[[[[[[[[[[[[[[[[[[[[[[[[[[*[[[[[[[[[[[[[[[[[[[[[[[*[[[[+[[[[[[[[.[[[[[[[[[[[[[[[[[[[[[[[[[[[[[[[[[[[[[[-[[[[[[[[[[[[[[[[[[[[[[[[[[[[[[[[[[[[[[[[[[[[[[[[[[[[[[[[[[[[[[[[[[[[[[[[[[[[[[[[[[[[[[[[[[[[[[[[)[[[[[[[[[B?;IGHV5-51*00(1218,6);IGHD3-22*00(60);IGHJ4*00(125,6);;126|537|556|0|411|SG331ASG343NST349N|2015.0;43|55|93|413|425||60.0;24|57|68|428|461||165.0;;GAGGTGCAGCTGGTGCAGTCTGGAGCAGAGGTGAAAAAGCCCGGGGAGTCTCTGAAGATCTCCTGTAAGGGTTCT;58;GGATACAGCTTTACCAACTACTGG;6;ATCGNCTGGGNGCGCCAGATGCCCGGGAAAGGCCTGGAGTGGATGGGGATC;0;ATCTATCCTGGTGACTCTGATACC;9;AGATACAGCCCGTCCTTCCAAGGCCAGGTCACCATCTCAGCCGACAAGTCCATCAGCACCGCCTACCTGCAGTGGAGCAGCCTGAAGGCCTCGGACACCGCCATGTATTAC;9;TGTGCGAGACATCTTAGTAGTGGTTACCCCTTTGACTACTGG;58;region_not_covered;region_not_covered;EVQLVQSGAEVKKPGESLKISCKGS;GYSFTNYW;IXWXRQMPGKGLEWMGI;IYPGDSDT;RYSPSFQGQVTISADKSISTAYLQWSSLKASDTAMYY;CARHLSSGYPFDYW;region_not_covered;::20:103:114:189:213:264:288:399:1:411:413:-12:-7:425:428:-4:441:::
9;6.0;1.1188602543542311E-4;CAGGACTGGTGAAGCCTTCGGAGACCCTGTCCCTCACCTGCACTGTCTCTGGTGGCTCCATCAGCAGTAGTAGTTACTACTGGGGCTGGATCCGCCAGCCCCCAGGGAAGGGGCTGGAGTGGATTGGGAGTATCTATTATAGTGGGAGCACCTACTACAACCCGTCCCTCAAGAGTCGAGTCACCATATCCGTAGACACGTCCAAGAACCAGTTCNCCCTGAAGCTGAGCTCTGTGACCGCCGCAGACACGGCTGTGTATTACTGTGCGAGACAGGCCCAAAAATTACGATATTTTGACTGCCCAGGTGCTACGTCTGGGNCAAAGGGANCNCGGTCACC;1>[SS[SSS[[[[[[[[[[[[[[[[[[[[[)[[[[[[[[[[[[[[[[[[[[[[[[[[[[[[[[[[[[[[[[['[[[[[[[[[[[[[[[[[[[[[[[[[[[[[[[[[[[[[[[[[[[[[[[[[[[[[[[[[[[[[[[[[[[[([[[[[[[[[[[[[[[[[[[[[[[[[[[[[[[[[[[[[[[[[[[[[[[[[[+[+[[[[[*['[[[[+[[[+[*[![[+[[[[[[[[[[[[[[['[[[[[[[[[[[[[[[[[[[([[[[[[[[[[[[[[[[[[[[[[[[[[[[[[[[[[[[[[[[[[[[[[[[[[[[[[[[[[[[[[[[[![[[[[[[[![![[[[>3A>;IGHV4-39*00(999,7);IGHD3-9*00(90);IGHJ6*00(47,3);;265|539|559|0|274|ST480N|1358.0;33|51|93|283|301||90.0;44|73|83|311|340|SG53NSC55ASC62NSA64N|93.0;;region_not_covered;region_not_covered;GGTGGCTCCATCAGCAGTAGTAGTTACTAC;6;TGGGGCTGGATCCGCCAGCCCCCAGGGAAGGGGCTGGAGTGGATTGGGAGT;58;ATCTATTATAGTGGGAGCACC;7;TACTACAACCCGTCCCTCAAGAGTCGAGTCACCATATCCGTAGACACGTCCAAGAACCAGTTCNCCCTGAAGCTGAGCTCTGTGACCGCCGCAGACACGGCTGTGTATTAC;0;TGTGCGAGACAGGCCCAAAAATTACGATATTTTGACTGCCCAGGTGCTACGTCTGG;58;region_not_covered;region_not_covered;region_not_covered;GGSISSSSYY;WGWIRQPPGKGLEWIGS;IYYSGST;YYNPSLKSRVTISVDTSKNQFXLKLSSVTAADTAVYY;CARQAQKLR_F*LPRCYVW;region_not_covered;:::::50:80:131:152:263:0:274:283:-2:-11:301:311:-24:319:::
10;6.0;1.1188602543542311E-4;CCTTCCTCATCTTCCTGCCCGTGCTGGGCCTCCCATGGGGTCAGTGTCAGGGAGATGCCGTATTCACAGCAGCATTCACAGACTGAGGGGTGTTTCACTTTGCTGTTTCCTTTTGTCTCCAGGTGTCCTGTCACAGGTACAGCTGCAGCAGTCAGGTCCAGGACTGGTGAAGCCCTCNCAGACCCTCTCANTCACCTGTGCCATCTCCGGGGACAGTGTCTCTAGNAANAGTGCTGCTTGGAACTGGATCAGGCAGTCCCCATCGAGAGGCCTTGAGTGGCTGGGAAGGACATACTACAGGTCCAAGTGGTATAATGATTATGCAGTATCTGTGAAAAGTCGAATAACCATCAACCCAGACACATCCAAGAACCAGTTCTCCCTGCAGCTGAACTCTGTGACTCCCGAGGACACGGCTGTGTATTACTGTGCAAGAGGGCCCCCCCCTAGTGGGAGGTACCCCACGGTCGGATACTGGTACTTCAATCTCTGGGGCCGTGGAACCCTGGTCAC;333>>FFFFFFFGGGGGGGGGGGGGBGFHHG[[[[[[[[[[[[[[[[[[[[[[[[[[[[[[[[[[[[[[[[[[[[[[[[[[[[[[Z[[[[[[[[[[[[[[[[[[[[[[[[[[[[[[[[[[[[[[[[[[[[[[[[[[[[[[[[[[[[[[[[[[[[[[[[[[[[[[[[[[[[[[[[[[[![[[[[[[[[[[[![[[[[[[[[[[[[[[[[[[[[[[[[[[[[[[[[[![[![[[[[[[[[[[[[[[[[[[[[[[[[[[[[[[[[[[[[[[[[[[[[[[[[[[[[[[[[[[[[[[[[[[[[[[[[[[[[[[[[[[[[[[[[[[[[[[[[[[[[[[[[[[[[[X[[[EH[[[[[[[[[[[[[[[[[[[[[[[[[[[[[[[[[[[[[[[[[[[[[[[[[[[[[[[[[[[[[[[[[[[[[[[[[[[[[[[[[[[[[[[[[[[[[[[[[[[[[[[[[[[[[[[[[[[[[[[[[[[[[[[[[[[[[[[[[[[[[[[[[[[[[[[[[[[['[[[[FFAA?A>;IGHV6-1*00(1147,7);IGHD1-26*00(49);IGHJ2*00(136,8);;110|547|568|0|437|SG287NSC300NSC335NSC338N|2137.0;24|37|60|447|460|SC33G|49.0;21|62|73|472|513|SG33ASC50A|173.0;;CAGGTACAGCTGCAGCAGTCAGGTCCAGGACTGGTGAAGCCCTCNCAGACCCTCTCANTCACCTGTGCCATCTCC;0;GGGGACAGTGTCTCTAGNAANAGTGCTGCT;0;TGGAACTGGATCAGGCAGTCCCCATCGAGAGGCCTTGAGTGGCTGGGAAGG;58;ACATACTACAGGTCCAAGTGGTATAAT;58;GATTATGCAGTATCTGTGAAAAGTCGAATAACCATCAACCCAGACACATCCAAGAACCAGTTCTCCCTGCAGCTGAACTCTGTGACTCCCGAGGACACGGCTGTGTATTAC;36;TGTGCAAGAGGGCCCCCCCCTAGTGGGAGGTACCCCACGGTCGGATACTGGTACTTCAATCTCTGG;58;region_not_covered;region_not_covered;QVQLQQSGPGLVKPSQTLSXTCAIS;GDSVSXXSAA;WNWIRQSPSRGLEWLGR;TYYRSKWYN;DYAVSVKSRITINPDTSKNQFSLQLNSVTPEDTAVYY;CARGPPPSGRYPTVGYWYFNLW;region_not_covered;::39:122:133:208:238:289:316:427:-1:437:447:-4:-3:460:472:-1:493:::
11;5.0;9.323835452951926E-5;GAACTGGATCAGGCAGTCCCCATCGAGAGGCCTTGAGTGGCTGGGAAGGACATACTACAGGTCCAAGTGGTATAATGATTATGCAGTATCTGTGAAAAGTCGAATAACCATCAACCCAGACACATCCAAGAACCAGTTCTCCCTGCAGCTGAACTCTGTGACTCCCGAGGACACGGCTGTGTATTACTGTGCAAGAGGGCCCCCCCCTCTTTACCCCACGGTCGGATACTGGTACTTCAATCTCTGGGGCCGTGGNACCCNNGTCNCNNTATAC;T[[[[[[[[[[[[[[[[[[[[[[[[[[[[[[[[[[[[[[[[[[[[[[[[[[[[[[[[[[[[[[[[[[[[[[[[[[[[[[[[[[[[[[[[[[[[[[[[[[[[[[[[[[[[[)([(((([[[[([[[[[[[[[[[[[[['[[[[[[[[[[[[[[[[[[[[[[[[[[[[[[[[[[[[[[[[[[[[[[[[[[[[[[[[[[[[[[[[[[[[[[[[[[[[[[[[[[[[[[[[[[[[[[[[[[[[[[[[[[[[[[[[[[[[[![[[[!![[[![!![DGG0;IGHV6-1*00(752,4);IGHD1-14*00(25),IGHD5-12*00(25),IGHD5-5*00(25);IGHJ2*00(147,2);;350|547|568|0|197||985.0;"30|35|51|215|220||25.0;19|24|69|215|220||25.0;16|21|60|215|220||25.0";21|69|73|226|274|SG33ASC50NST55NSG56NSA60NST62NSG63NSC65ASC67A|120.0;;region_not_covered;region_not_covered;region_not_covered;region_not_covered;region_not_covered;region_not_covered;ACATACTACAGGTCCAAGTGGTATAAT;58;GATTATGCAGTATCTGTGAAAAGTCGAATAACCATCAACCCAGACACATCCAAGAACCAGTTCTCCCTGCAGCTGAACTCTGTGACTCCCGAGGACACGGCTGTGTATTAC;6;TGTGCAAGAGGGCCCCCCCCTCTTTACCCCACGGTCGGATACTGGTACTTCAATCTCTGG;58;region_not_covered;region_not_covered;region_not_covered;region_not_covered;region_not_covered;TYYRSKWYN;DYAVSVKSRITINPDTSKNQFSLQLNSVTPEDTAVYY;CARGPPPLYPTVGYWYFNLW;region_not_covered;:::::::49:76:187:-1:197:215:-13:1:220:226:-1:247:::
12;4.0;7.459068362361541E-5;GTCTGGAGCAGAGGTGAAAAAGCCCGGGGAGTCTCTGANGATCTCCTGTAAGGGTTCTGGATACAGCTTTNNNAANTACTGGATCNNCTGGGTGCGCCAGANGCCCGGGAAAGGCCTGGAGTGGATGGGGANNATNNATCCTNNTGACTCTNATACCANNTACAGCCCGTCCTTCCAAGGCCANGTCACCATCTCAGCNGACANGTCCATCAGCACNGCCTACCTGCAGTGGANCANCCTGAAGGCCTCGGACACCGCCATGTATTACTGTGCGATCTTAAGGGGCTCGTCCTTTGGCTACTACTACGATATGGACGTCTGGGGCCAAGGNACCNCGGTCACCG;BBBBBFFFFBFFGGEGGGGGGGHHHGGGGGFGGH[[[[![[[[[[[[[[[[[[[[[[[[[[[[[[[[[[[!!![[![[[[[[[[[!![[[[[[[[[[[[[[![[[[[[[[[[[[[[[[[[[[[[[[[[[[[!![[!![[[[[!![[[[[[[![[[[[[!![[[[[[[[[[[[[[[[[[[[[[[![[[[[[[[[[[[[[![[[[![[[[[[[[[[[[![[[[[[[[[[[[[[[[![[![[[[[[[[[[[[[[[[[[[[[[[[[[[[[[[[[[[[[[[[[[[[[[[[[[[[[[[[[[[[[[[[[[[[[[[[[[[[[[[[[[[[[[[[[['[[![[[![[[[[[[[B;IGHV5-51*00(970);IGHD6-6*00(40);IGHJ6*00(175,5);;257|532|556|0|275|SA295NSA327NSC328NSC329NSG331ASC332NSG342NSG343NST358NST388NSC389NSC392NST393NSG399NSG400NSG408NSG415NSA416NSG440NSC455NSA460NSC473NSG490NSG493N|1083.0;28|36|54|284|292||40.0;27|74|83|297|344|SG38ASG60NSA64N|195.0;;region_not_covered;region_not_covered;GGATACAGCTTTNNNAANTACTGG;0;ATCNNCTGGGTGCGCCAGANGCCCGGGAAAGGCCTGGAGTGGATGGGGANN;0;ATNNATCCTNNTGACTCTNATACC;0;ANNTACAGCCCGTCCTTCCAAGGCCANGTCACCATCTCAGCNGACANGTCCATCAGCACNGCCTACCTGCAGTGGANCANCCTGAAGGCCTCGGACACCGCCATGTATTAC;0;TGTGCGATCTTAAGGGGCTCGTCCTTTGGCTACTACTACGATATGGACGTCTGG;58;region_not_covered;region_not_covered;region_not_covered;GYSFXXYW;IXWVRQXPGKGLEWMGX;XXPXDSXT;XYSPSFQGXVTISADXSISTAYLQWXXLKASDTAMYY;CAILRGSSFGYYYDMDVW;region_not_covered;:::::58:82:133:157:268:-4:275:284:-10:0:292:297:-7:322:::
13;4.0;7.459068362361541E-5;CCTTCAGNANCTANGCTATCAGCTGGGTGCGACAGGCCCCTGGACAAGGGCTTGAGTGGATGGGAGCGATCATCCCTATCTTTGGTACAGCAAACTACGCACAGGAGTTTCAGGGCAGAGTCACGATTACCGCGGACAAAACCACGAGTACAGCCTACATGGAGCTGAGCAGCCTGAGATCTGAAGACACGGCCGTCTATTACTGTGCGAGAGACGGCGGGGGAATAGCAGTGGCTGGTTACTATGGTATGGACGTCTGGGGCCNAGGNANCNCGG;B@AA[[[![![VW!VW[[[[[[[[[[[V[[[[[[[[[[[[[[[[[[[[[[[[[[[[[[[[[[[[[['[[[[[[[[[[[[[[[[[[[[[[[[[[[[[[[[[[[[[*[[[['[[[[[[[[[[[[[[[[[[[[[[[[[[['[['[[[[[[['[[[[[[[[[[[[[[[[[[[[[[[[[[[[[[[[[[[[[[[[[[[[[[[[[[[[[[[[[[[[[[[[[[[[[[[[[[[[[[[[[[[[[[[[[[[[[[[[[[[[[[[[[[[[[[[[[[[![[[![![!1AA;IGHV1-69*00(859);IGHD6-19*00(79);IGHJ6*00(126,8);;325|539|559|0|214|SC332NSG334NST338NSG391CSA429GSC434TSG462AST465ASC473TSG509ASG521C|906.0;21|40|63|220|239|ST24A|79.0;31|68|83|239|276|SC36TSA56NSG60NSC62NSA64N|121.0;;region_not_covered;region_not_covered;region_not_covered;region_not_covered;ATCAGCTGGGTGCGACAGGCCCCTGGACAAGGGCTTGAGTGGATGGGAGCG;6;ATCATCCCTATCTTTGGTACAGCA;58;AACTACGCACAGGAGTTTCAGGGCAGAGTCACGATTACCGCGGACAAAACCACGAGTACAGCCTACATGGAGCTGAGCAGCCTGAGATCTGAAGACACGGCCGTCTATTAC;6;TGTGCGAGAGACGGCGGGGGAATAGCAGTGGCTGGTTACTATGGTATGGACGTCTGG;58;region_not_covered;region_not_covered;region_not_covered;region_not_covered;ISWVRQAPGQGLEWMGA;IIPIFGTA;NYAQEFQGRVTITADKTTSTAYMELSSLRSEDTAVYY;CARDGGGIAVAGYYGMDVW;region_not_covered;::::::17:68:92:203:0:214:220:0:-2:239:239:-11:260:::
14;3.0;5.594301271771156E-5;CAGTGTCTCTAGCAACAGTGCTGCTTGGAACTGGATCAGGCAGTCCCCATCGAGAGGCCTTGAGTGGCTGGGAAGGACATACTACAGGTCCAAGTGGTATAATGATTATGCAGTATCTGTGAAAAGTCGAATAACCATCAACCCAGACACATCCAAGAACCAGTTCTCCCTGCAGCTGAACTCTGTGACTCCCGAGGACACGGCTGTGTATTACTGTGCAAGAGGGCCCCCCCCTCTTAGTGGGAACTGGTACTTCAATCTCTGGGGCCGTGGCACCCTGGTC;>AABBFFFFFFFGGGGGGFGFE5FFGHCHHFFHCHFCEGCHHDHHBGGFHHGFFHGGG1GHHFHFGGGHGEEEGFGGGFHH[[[[[[[[[[[[[[[[[[[[[[[[[[[[[[[[[[[[[[[[[[[[[[[[[[[[[[[[[[[[[[[[[[[[[[[[[[[[[[[[[[[[[[[[[[[[[[[[[[[[[[[[[[[[[[[[[[[[[[[[[[[[[[[[[[[[[[[[[[[[[[[[[[[[[[[[[[[[[[[[[[[[[[[[[[[[[[[[[[[[[[[[[[[[[[[[A4BBFAA>BA;IGHV6-1*00(850);IGHD1-26*00(40);IGHJ2*00(132,3);;323|547|568|0|224||1120.0;24|32|60|237|245||40.0;22|60|73|245|283|SG33A|174.0;;region_not_covered;region_not_covered;region_not_covered;region_not_covered;TGGAACTGGATCAGGCAGTCCCCATCGAGAGGCCTTGAGTGGCTGGGAAGG;16;ACATACTACAGGTCCAAGTGGTATAAT;37;GATTATGCAGTATCTGTGAAAAGTCGAATAACCATCAACCCAGACACATCCAAGAACCAGTTCTCCCTGCAGCTGAACTCTGTGACTCCCGAGGACACGGCTGTGTATTAC;58;TGTGCAAGAGGGCCCCCCCCTCTTAGTGGGAACTGGTACTTCAATCTCTGG;58;region_not_covered;region_not_covered;region_not_covered;region_not_covered;WNWIRQSPSRGLEWLGR;TYYRSKWYN;DYAVSVKSRITINPDTSKNQFSLQLNSVTPEDTAVYY;CARGPPPLSGNWYFNLW;region_not_covered;::::::25:76:103:214:-1:224:237:-4:-8:245:245:-2:265:::
15;2.0;3.729534181180771E-5;GAGTTTGGGCTGAGCTGGGTTTTCCTCGTTGCTCTTTTAAGAGGTGATTCATGGAGAAACAGAGAGACTGAGTGTGAGTGAACATGAGTGAGAAAAACTGGACTTGTGTGGCATTCTCTGATCACGGTGTCCTTCTGTTTGCAGGTGTCCA,GGGTGGCAGTTATATCATTTGATGGAATTAACAAAAACTATGGAGACTCCGTGAGGGGCCGATTCACCGTCTCCAGAGACAATTCCGAGAACACCGTGTATCTTCAGATGAAGGGCCTGAGAGTTGAAGACACGGCTGTATATTATTGTGCGAGAGTCTCCTTGGGGGGTGAGTTCCTTTCCGCTACTACGGCATGGACGTCTGGGGCCAAGGNANCCNGGTC;AB@AA5FBBFFBGFGGGGGFEEGHHFF?HGFGHGHHHHHGHGHHHHHHHHGHHBGHHHHHFFGFGEFFGHHHFGHEGGFGEHHBGG3@DGFFHHFGEF3BGCGDFGGE2F112GFBHHHHGHHHHFG???3FHHFHHHFHEGFBFHFFGG3,AAA3A?F4ACFDGGGGGGGGGGGHGHHGHHHHHHGHHGGHFHH5GHGHHGGGGEGHGGGCGCGGHHHHGHHH[[XX[[[[[[[[[[[[[[[[[[[[[[[[[[[YX[[[[[W[[[[[[[[[[[[[[[[[[[[U[[X[[[[[[[[[[[RRRRRRRRRRRRRRRRRRRRRRRRRRRRRRRRRRRRRRRRRRRRRRRRRRRRRRRRRRR[[[[[[[[![![[!1>11;IGHV3-30*00(698,5),IGHV3-30-5*00(698,5);IGHD3-16*00(35),IGHD1-7*00(30);IGHJ6*00(134);;"103|254|574|0|151|ST162CST205CST218CSA225C|691.0,397|550|574|0|153|SA415TSG424TST428CST432ASC439GSA451GSA465GSA483GSG491CSC492GSG500TSA503GSC509GSA510GSC520TSG524ASG536ASC542T|477.0;,543|550|574|146|153||35.0";",52|59|111|161|168||35.0;,2|8|51|171|177||30.0";,30|70|83|183|223|ST39CSG60NSC62NSA64CSC65N|132.0;;region_not_covered;region_not_covered;region_not_covered;region_not_covered;region_not_covered;region_not_covered;ATATCATTTGATGGAATTAACAAA;35;AACTATGGAGACTCCGTGAGGGGCCGATTCACCGTCTCCAGAGACAATTCCGAGAACACCGTGTATCTTCAGATGAAGGGCCTGAGAGTTGAAGACACGGCTGTATATTAT;20;TGTGCGAGAGTCTCCTTGGGGGGTGAGTTCCTTTCCGCTACTACGGCATGGACGTCTGG;49;region_not_covered;region_not_covered;region_not_covered;region_not_covered;region_not_covered;ISFDGINK;NYGDSVRGRFTVSRDNSENTVYLQMKGLRVEDTAVYY;CARVSLGGEF_FRYYGMDVW;region_not_covered;::43:144::::::::::::::::::,:::::::11:35:146:-4:153:161:-15:-15:168:183:-10:205:::
16;2.0;3.729534181180771E-5;TCGGCTGGGTGCGCCAGATGCCCGGGAAAGGCCTGGAGTGGATGGGGATCATCTATCCTGGTGACTCTGATACCNGATACAGCCCGTCCTTCCAAGGCCAGGTCACCATCTCAGCCGACAAGTCCATCAGCACCGCCTACCTGCAGTGGAGCAGCCTGAAGGCCTCGGACACCGCCATGTATTACTGTGCGAGAAGGCTAATGAGCAGCAGCTGGTACTGGTGGTACTTCGATCTCTGGGGCCGTGGCACCCTGGTC;AAAA?A1AACA11AF00B1F1GF0000A/GHHHHGCECABFD1FO[[OP[[[[[[[[[[[[[[[[[[[[[[[[[![[[[[[[[[[[U[[[[[[[[[[[[[[[[[[[[[[[[[[[[[[[[[[[[[[[[[[[[[[[[[[[[[[X[[[[[[[[[[[[[[[[[Z[[[[[[[[W[[[[[[[[[[[[[[[[UUUUUUUUUUUUUUUUUUUUUUUUUUUUUUUUUUUUUUUUUUUUUUUUUUUUUU[[[EGGC>2B?BF?AA3>;IGHV5-51*00(852);IGHD6-13*00(75),IGHD2-2*00(65);IGHJ2*00(142,5);;340|534|556|0|194|SA414N|958.0;"27|42|63|203|218||75.0;5|18|93|206|219||65.0";24|60|73|221|257||180.0;;region_not_covered;region_not_covered;region_not_covered;region_not_covered;region_not_covered;region_not_covered;ATCTATCCTGGTGACTCTGATACC;58;NGATACAGCCCGTCCTTCCAAGGCCAGGTCACCATCTCAGCCGACAAGTCCATCAGCACCGCCTACCTGCAGTGGAGCAGCCTGAAGGCCTCGGACACCGCCATGTATTAC;0;TGTGCGAGAAGGCTAATGAGCAGCAGCTGGTACTGGTGGTACTTCGATCTCTGG;52;region_not_covered;region_not_covered;region_not_covered;region_not_covered;region_not_covered;IYPGDSDT;XYSPSFQGQVTISADKSISTAYLQWSSLKASDTAMYY;CARRLMSSSWYWWYFDLW;region_not_covered;:::::::50:74:185:-2:194:203:-6:0:218:221:-4:239:::
17;2.0;3.729534181180771E-5;GCCGGGGTCCAGCCTGGGGGGTCCCTGAGACTCTCCTGTGCAGCCTCTGGATTCACCTTTAGCAGATATGCCATGAGCTGGGTCCGCCAGGCTCCAGGGAAGGGGCTGCAGTGGGTCTCAGGAATTAGTGGTAGTGGTGGTAGCACATACTACGCAGACTCCGTGAAGGGCCGGTTCACCATCTCCAGAGACAATTCCAAGANCACGCTGTATCTGCAAATGAACAGCCTGAGAGCCGAGGACACGGCCGTTTATTACTGTGCGAAGGAGTATTACGATTTTTGGAGTGGTTCTGACTACTGGGGCCAGGGC;BBABBDBDBAFFGGGF4FFGGEEGCF3F23BGFHHBG3FGHHHCEGFF2C?GHFFGG2GDGBH2?2DHBFHH1GG11FGFHCGGEFGG?@.G.GEHE/?CG..E@D?EGHHH//CAFGGGEFFGFGGGGGGFFFG[[Q[[[[[[[[[[[[[GGGGGGGHHHV[XW[[[[[[[[[[[[[[[[[[[[[[[[[[[[[X[[[[[[[![[[[X[[XXXX[[[[Y[[[[[[[[[[[[[[[[[[[[[[[[[[[[U[[[[[[[[[[OOOOOOOOOOOOOOOOOOOOOOOOOOOOOOOOOOOOOOOOOOOOO[[R[A>A>1;IGHV3-23*00(879,5);IGHD3-3*00(115);IGHJ4*00(74,5);;287|553|576|0|266|SG288CST290GST291GSA295CSC352ASG395CSC408GST409ASA489NSA538T|1174.0;31|54|93|269|292||115.0;27|46|68|293|312|SA45C|79.0;;region_not_covered;region_not_covered;GGATTCACCTTTAGCAGATATGCC;17;ATGAGCTGGGTCCGCCAGGCTCCAGGGAAGGGGCTGCAGTGGGTCTCAGGA;13;ATTAGTGGTAGTGGTGGTAGCACA;37;TACTACGCAGACTCCGTGAAGGGCCGGTTCACCATCTCCAGAGACAATTCCAAGANCACGCTGTATCTGCAAATGAACAGCCTGAGAGCCGAGGACACGGCCGTTTATTAC;0;TGTGCGAAGGAGTATTACGATTTTTGGAGTGGTTCTGACTACTGG;46;region_not_covered;region_not_covered;region_not_covered;GFTFSRYA;MSWVRQAPGKGLQWVSG;ISGSGGST;YYADSVKGRFTISRDNSKXTLYLQMNSLRAEDTAVYY;CAKEYYDFWSGSDYW;region_not_covered;:::::48:72:123:147:258:-3:266:269:0:-8:292:293:-7:303:::
18;2.0;3.729534181180771E-5;GTCAGGGGCAACTAGTGGAGTCGGGGGGAGCCGGGGTCCAGCCTGGGAGGACCCTGACACTCTCCTGTGCAGCTTCTGGATTCACCTTCTCTACTTATGGCATGCACTGGGTCCGCCAGGCTCCAGGGAAGGGGCTGGAGTGGGTCTCAGC,AGACTCCGTGAAGGGCCGGTTCACCCTCTCCAGAGACAATTCCAAGAACACTCTGTATCTGCAAATGAACAACCTGGGGGCCGAGGACACGGCCGTATATTACTGTGCGAAAGATCCTACGGGGAATAGCTGGTACTTCGATCTCTGGGGCCGTGGCACCCTGGTC;"BA3ABFFBBBAAGGGFGGECGBEA??2E<BDGC@CGC/FGHHFHGAE0FC<<CD0FFFFCGHFHCGBGFG0=/CDDDDD0000:00:;CFBCCCGFHBHF.GFFBF0;BBEFBE@@G?BE?A?EFFFDFFDFF?BBDAAA/.A?ABBBF/F,GBGGCGHFHHGHDGGGGHGFGGGGFDHHGHHHHHHHHGEFFHFFGGHFGEHHHDGD?DC4GDEHFEHEEHFGFE/GEEE11EFGGGFAEEAEA1GFFHGG5FHWWWWWWWWWWWWWWWWWWWWWWWWWWWWWWWWWWWWWWWWWWWWW[Y[GGGFBBFCCFCCCCC";IGHV3-30*00(459,5),IGHV3-30-5*00(459,5),IGHV3-33*00(459,5);IGHD2-21*00(35),IGHD4-17*00(30),IGHD4-23*00(30);IGHJ2*00(147,5);;"256|407|574|0|151|ST262GSG266ASG269AST278GSG286CST289GST306ASG313CSC329TSA345TSG346CSG349CSC350TSC383GSG401CSG402TST406C|483.0,440|556|574|0|116|SA458GSA465CSG491TSG511ASA516GSA518GST521CST533CSG536A|436.0;,543|556|574|103|116||65.0;,543|556|574|103|116|SG550A|49.0";",0|7|84|122|129||35.0;,19|25|48|116|122||30.0;,22|28|57|116|122||30.0";,23|60|73|129|166||185.0;;CAGGGGCAACTAGTGGAGTCGGGGGGAGCCGGGGTCCAGCCTGGGAGGACCCTGACACTCTCCTGTGCAGCTTCT;14;GGATTCACCTTCTCTACTTATGGC;13;region_not_covered;region_not_covered;region_not_covered;region_not_covered;region_not_covered;region_not_covered;TGTGCGAAAGATCCTACGGGGAATAGCTGGTACTTCGATCTCTGG;54;region_not_covered;region_not_covered;QGQLVESGGAGVQPGRTLTLSCAAS;GFTFSTYG;region_not_covered;region_not_covered;region_not_covered;CAKDPTGNSWYFDLW;region_not_covered;::::2:77:101:::::::::::::::,:::::::::103:2:116:122:28:-49:129:129:-3:148:::
19;2.0;3.729534181180771E-5;CTCCGGGGACAGTGTCTCTAGCAACAGTGCTGCTTGGAACTGGATCAGGCAGTCCCCATCGAGAGGCCTTGAGTGGCTGGGAAGGACATACTACAGGTCCAAGTGGTATAATGATTATGCAGTATCTGCGAAAAGTCGAATAACCATCAACCCAGACACATCCAAGAACCAGTTCTCCCTGCAGCTGAACTCTGTGACTCCCGAGGACACGGCTGTGTATTACTGTGCAAGAGGCCCCCCCCCTCTTAGTGGGAGCTACCCCACGGTTGGATACTGGTACTTCGATCTCTGGGGCCGTGGCACCC;BBBBBBDBBBBAGGGGGGGGGGFGHHFGHGGHHHHHGGGHHHHHHHHHGHHDHHHHHFHHGHGHGGGGGHHGHHHGGHGGGEFEGFHHHHGHHHHHHFGHFHFGHHBFGHHHHHHHFGHHHFDGHFHHHGGGGGFFGEEFHGHFHHHHH[RCCC[[[[[[[[[[[[[[[[[[[[[[[[[[[[[[[[[[[[[[[[[[[[[[[[[[[[[[[[[[[[[[[[[[[[[[[[[[[[[[[[[[[[[[[[[[[[[[[[[[[[[[[[[[[[[[[[[[[[[[[[[[[[[[[[[[[[[[[[[[[[[[[[[[[[[[[;IGHV6-1*00(777);IGHD1-26*00(65);IGHJ2*00(170);;314|547|568|0|233|ST442C|1149.0;24|37|60|246|259||65.0;21|55|73|271|305||170.0;;region_not_covered;region_not_covered;GGGGACAGTGTCTCTAGCAACAGTGCTGCT;32;TGGAACTGGATCAGGCAGTCCCCATCGAGAGGCCTTGAGTGGCTGGGAAGG;35;ACATACTACAGGTCCAAGTGGTATAAT;33;GATTATGCAGTATCTGCGAAAAGTCGAATAACCATCAACCCAGACACATCCAAGAACCAGTTCTCCCTGCAGCTGAACTCTGTGACTCCCGAGGACACGGCTGTGTATTAC;34;TGTGCAAGAGGCCCCCCCCCTCTTAGTGGGAGCTACCCCACGGTTGGATACTGGTACTTCGATCTCTGG;58;region_not_covered;region_not_covered;region_not_covered;GDSVSSNSAA;WNWIRQSPSRGLEWLGR;TYYRSKWYN;DYAVSAKSRITINPDTSKNQFSLQLNSVTPEDTAVYY;CARGPPPLSGSYPTVGYWYFDLW;region_not_covered;:::::4:34:85:112:223:-1:233:246:-4:-3:259:271:-1:292:::
20;1.0;1.8647670905903854E-5;GACCTTAGTGTCTCTGTGTTTGCAGGTGTCCAATGTGAGGTGCAGCTGTTGGAGTCTGGGGGAGGCTTGGCACAGCCTGGGGGGTCCCTGAGACTCTCCTGTGCAGCCTCTGGATTCATCTTTAACAACTTTGCCATGACATGGGTCCGCC,CATCTCCAGAGACAATTCCAAGAACACGTTGTATCTGCAAATGAACAGTCTGAGAGCCGAAGACACGGCCGTATATCACTGTGTCAAGAACCGATATTGTAGTACTAACGACTGCTATGGCCATGACGGGTTTGACTCCTGGGGCCAGGGC;>>AAAFFFFFFFGGGGGGFGGGHHFHFHHHHHHHHFHHHGFGHHGGHHHHHGHHHHHHGHGGGGCDHHGGHHGHGHHHHHGGGGGGHGFHHHHGHHHHHHHHHFFHHHHHHHHHHHHHHHHHHHHHHHHHGFGGGFGGGGGGGBEFGGGGG,HGHHHHHHHHBHDG?BBHHHHHHHHHGHHHHHFHEHGFHHHHHHHHHHHHHHHGGGGHHGHHFGGGGGGHHHHHHHGDHBBBBBBBBBBBBBBBBBBBBBBBBBBBBBBBBBBBBBBBBBBBBBBBBBBBBBBBBBBBBBBBFFBFCCCCB;IGHV3-23*00(882);IGHD2-2*00(71);IGHJ1*00(65),IGHJ2P*00(65);;224|375|576|0|151|SA228TSG229TSG230AST233GST237CST239GSG256AST294CSC342TSG348ASG351ASA354TSG363CSC364A|531.0,466|549|576|0|83|SC494TSC514TSG526AST542C|351.0;,33|60|93|92|119|SG45CSC48ASA50GSG51A|71.0;",37|50|72|138|151||65.0;,39|43|78|138|142||20.0";;GAGGTGCAGCTGTTGGAGTCTGGGGGAGGCTTGGCACAGCCTGGGGGGTCCCTGAGACTCTCCTGTGCAGCCTCT;34;GGATTCATCTTTAACAACTTTGCC;37;region_not_covered;region_not_covered;region_not_covered;region_not_covered;region_not_covered;region_not_covered;TGTGTCAAGAACCGATATTGTAGTACTAACGACTGCTATGGCCATGACGGGTTTGACTCCTGG;33;region_not_covered;region_not_covered;EVQLLESGGGLAQPGGSLRLSCAAS;GFIFNNFA;region_not_covered;region_not_covered;region_not_covered;CVKNRYCSTNDCYGHDGFDSW;region_not_covered;:::25:36:111:135:::::::::::::::,:::::::::79:-7:83:92:-2:-2:119:138:-17:142:::
21;1.0;1.8647670905903854E-5;GTCTCTGGTGGCTCCATCAGCAGTGGTGATTACTACTGGAGTTGGATCCTCCAGCCCCCAGGGAAGGGCCTGGAGTGGATTGGGTACATCTATTACAGTGGGAGCACCTACTACAACCCGTCCCTCAAGAGTCGAGTTACCATGTCAGTAGACACGTCCAAGAACCAGTTCTCCCTGAAGCTGAGCTCTGTGACTGCCGCAGACACGGCCGTGTATTACTGTGCCAGAGGGAACTGGAACTACTTGGTGCGGTTCGACCCCTGGGGCCAGGGCACCC;ABCBCFFFFFDFGGGGGGGGGGHHHHHGHHHHHHHHHHHHHHHHHHHHHHHFHCHGGGCAFGAFFGG1FA1FE2F3B13F3FGC133@@444BB@F3@4BG111??GCE?3?4?F3GGE??EF/3BHHGGGHGHHHHHHHHHHHHHHHHHHHGGGGFGHHHFHGHHHGHGFGHHHHHHHGHHHHHHHHHHHHGGGGGGHHHHHGEGGGGGHGHHHHHHHGGGGGGGGGGGGGGGGGGGGGGGGGGGGGGGGGGGGGGGGGGGGGGFBFFFFAA3BAA;IGHV4-30-4*00(1097);IGHD1-7*00(60);IGHJ5*00(119);;308|537|558|0|229|SC349TSG357TSA451G|1097.0;22|34|51|231|243||60.0;26|53|71|250|277|SA48C|119.0;;region_not_covered;region_not_covered;GGTGGCTCCATCAGCAGTGGTGATTACTAC;35;TGGAGTTGGATCCTCCAGCCCCCAGGGAAGGGCCTGGAGTGGATTGGGTAC;16;ATCTATTACAGTGGGAGCACC;16;TACTACAACCCGTCCCTCAAGAGTCGAGTTACCATGTCAGTAGACACGTCCAAGAACCAGTTCTCCCTGAAGCTGAGCTCTGTGACTGCCGCAGACACGGCCGTGTATTAC;14;TGTGCCAGAGGGAACTGGAACTACTTGGTGCGGTTCGACCCCTGG;38;region_not_covered;region_not_covered;region_not_covered;GGSISSGDYY;WSWILQPPGKGLEWIGY;IYYSGST;YYNPSLKSRVTMSVDTSKNQFSLKLSSVTAADTAVYY;CARGNWNYLVRFDPW;region_not_covered;:::::6:36:87:108:219:-1:229:231:-5:0:243:250:-6:264:::
22;1.0;1.8647670905903854E-5;CCTTCAGCAGCTATGCTATCAGCTGGGTGCGACAGGCCCCTGGACAAGGGCTTGAGTGGATGGGAGGGATCATCCCTATCTTTGGTACAGCAAACTACGCACAGAAGTTCCAGGGCAGAGTCACGATTACCGCGGACGAATCCACGAGCACAGCCTACATGGAGCTGAGCAGCCTGAGATCTGAGGACACGGCCGTGTATTACTGTGCGAGGGAGGGTGAGCGACTTTCGGAGTGGTCCCCTTACAACTGGTTCGACCCCTGGGGCCAGGGCACCCT;A>3>AB5@DFCF5GGCGGGFDBFGGCFFEGGGGGGC2FEGAFHHHHHFADFHEEABADFGGHGGBF0?1B?15BDEC@GDGHFBFC44E4F1GBGFB3>E/EEEHFHFBGHFB3EEF/?C1FGH?/CA?FFEGGGBEFFHGGGFGHFG?CAGGBGHGHHFEFHGCBHHGGCF0FFGDBHFFHFDFGFE>E/E@GHHFFHHGGEAAAAAAAAAAAAAAAAAAAAAAAAAAAAAAAAAAAAAAAAAAAAAAAAAAAAAAAAAAAAGGAFFFC@BBAAA3;IGHV1-69*00(1055);IGHD3-3*00(48);IGHJ5*00(159);;325|536|559|0|211||1055.0;37|53|93|221|237|ST40CST44C|48.0;19|54|71|242|277|SA48C|159.0;;region_not_covered;region_not_covered;region_not_covered;region_not_covered;ATCAGCTGGGTGCGACAGGCCCCTGGACAAGGGCTTGAGTGGATGGGAGGG;15;ATCATCCCTATCTTTGGTACAGCA;16;AACTACGCACAGAAGTTCCAGGGCAGAGTCACGATTACCGCGGACGAATCCACGAGCACAGCCTACATGGAGCTGAGCAGCCTGAGATCTGAGGACACGGCCGTGTATTAC;14;TGTGCGAGGGAGGGTGAGCGACTTTCGGAGTGGTCCCCTTACAACTGGTTCGACCCCTGG;32;region_not_covered;region_not_covered;region_not_covered;region_not_covered;ISWVRQAPGQGLEWMGG;IIPIFGTA;NYAQKFQGRVTITADESTSTAYMELSSLRSEDTAVYY;CAREGERLSEWSPYNWFDPW;region_not_covered;::::::17:68:92:203:-3:211:221:-6:-9:237:242:1:263:::
23;1.0;1.8647670905903854E-5;CTTCTGGATACACTTTCAGAACCCATGTTATGAATTGGGTGCGACAGGCCCCTGGACAAGGGCTTGAGTGGATGGGATGGATCGATACCAACACTGGGAACCCAACGTATGCCCAGGGCTTCACAGGACGGTTTGTCTTCTCCTTGGACACTTCTGTCAGCACGGCATACCTGCAGATCAACAGCCTAGAGGCTGATGACACTGCCGTGTATTACTGTGCGAGACCCGTGCTTACTACGGAGGATGCTTTCGATTTCTGGGGCCAAGGGACAATGG;ABABBFFFFFFFGGGGGGGGGGHGGHHHHGHHHHHHHHHEGGGGGGEFGGGGHGHHHHGHHGGHHGHHDGGHHHGHHHGFFFGGGHEFFHF1FEHHHGHHEGGGHGGHFHFHHHHHGGGGHFHHHHGGHGHHHFHFGHHHHHHHHHGGHHGHHHHHHHGGGGFHHHFHFGHHHHHHGGFHGHHHHHGHHHHGHHHHHHHHHGGFFGHGGHHHGGFEEEEEEEEEEEEEEEEEEEEEEEEEEEEEEEEEEEEEEEEEEEEEGGGGFFFBFFFAAA3A;IGHV7-4-1*00(896);IGHD3-22*00(40),IGHD1-26*00(35),IGHD4-17*00(35);IGHJ3*00(138);;311|535|557|0|224|SC324TSC329GST330ASG332CST334CSC338TSA394GSC396TSC462TST480CST490ASG491ASA499GSG507T|896.0;"55|63|93|231|239||40.0;34|41|60|232|239||35.0;18|25|48|233|240||35.0";21|55|70|242|276|ST29CSA33T|138.0;;region_not_covered;region_not_covered;GGATACACTTTCAGAACCCATGTT;37;ATGAATTGGGTGCGACAGGCCCCTGGACAAGGGCTTGAGTGGATGGGATGG;35;ATCGATACCAACACTGGGAACCCA;16;ACGTATGCCCAGGGCTTCACAGGACGGTTTGTCTTCTCCTTGGACACTTCTGTCAGCACGGCATACCTGCAGATCAACAGCCTAGAGGCTGATGACACTGCCGTGTATTAC;37;TGTGCGAGACCCGTGCTTACTACGGAGGATGCTTTCGATTTCTGG;36;region_not_covered;region_not_covered;region_not_covered;GYTFRTHV;MNWVRQAPGQGLEWMGW;IDTNTGNP;TYAQGFTGRFVFSLDTSVSTAYLQINSLEADDTAVYY;CARPVLTTEDAFDFW;region_not_covered;:::::5:29:80:104:215:-2:224:231:-24:1:239:242:-1:260:::
24;1.0;1.8647670905903854E-5;TGAATTGGGTGCGACAGGCCCCTGGACAAGGGCTTGAGTGGATGGGATGGATCGATACCAACACTGGGAACCCAACGTATGCCCAGGGCTTCACAGGACGGTTTGTCTTCTCCTTGGACACTTCTGTCAGCACGGCATACCTGCAGATCAACAGCCTAGAGGCTGATGACACTGCCGTGTATTACTGTGCGAGACCCGTGCCTACGGAGAATGCTTTCGATTTCTGGGGCCAAGGGACAATGG;ABAACFFFCACCGGGGGGGGGGHGHHGHHHHGGGHGHHHGGHHHGHHHGGHHHGGHHGHHHGGGHHHHHHGGGGHGGHHHHHHHGHGGGHHHHHGHHGGGGHHHHHHHHHHHHHHHHHHHHHHHHHHHHHHHHFHGHGHHHHHHHHHHHHHHHHHHHHHHHHHHHHHGHHHGGFFFHHHHHHHHHGGGGGGGGGGGGGGGGGGGGGGGGGGGGGGGGGGGGGGGGGGGGGGFFFFFFFBBBAA;IGHV7-4-1*00(842);IGHD4-17*00(30),IGHD4-23*00(30),IGHD5-24*00(29);IGHJ3*00(133);;341|535|557|0|194|SA394GSC396TSC462TST480CST490ASG491ASA499GSG507T|842.0;"19|25|48|201|207||30.0;22|28|57|201|207||30.0;16|25|60|201|210|ST21G|29.0";22|55|70|210|243|ST29CSA33T|133.0;;region_not_covered;region_not_covered;region_not_covered;region_not_covered;region_not_covered;region_not_covered;ATCGATACCAACACTGGGAACCCA;38;ACGTATGCCCAGGGCTTCACAGGACGGTTTGTCTTCTCCTTGGACACTTCTGTCAGCACGGCATACCTGCAGATCAACAGCCTAGAGGCTGATGACACTGCCGTGTATTAC;37;TGTGCGAGACCCGTGCCTACGGAGAATGCTTTCGATTTCTGG;38;region_not_covered;region_not_covered;region_not_covered;region_not_covered;region_not_covered;IDTNTGNP;TYAQGFTGRFVFSLDTSVSTAYLQINSLEADDTAVYY;CARPVPTENAFDFW;region_not_covered;:::::::50:74:185:-2:194:201:-3:-7:207:210:-2:227:::
25;1.0;1.8647670905903854E-5;GGCCTGGAGTGGATGGGGATCATCTATCCTGGTGACTCTGATACCAGATACAGCCCGTCCTTCCAAGGCCAGGTCACCATCTCAGCCGACAAGTCCATCAGCACCGCCTACCTGCAGTGGAGCAGCCTGAAGGCCTCGGACACCGCCATGTATTACTGTGCGAGACGGGGGTATAGCAGCTGGCCCACCCACTCCCTGTACTACTTTGACTACTGGGGCCAGGGCACCC;CDDDDCDFFFFCGGGGGGGGGGHHHHHHHHHHGHHHHHHHHHHHHHHHHHHHHHHGGEGGGHHGHHHGHHHHGGHHHHHHHHHHHHHGHGGGHGHHHHHHHHHHHHGGHGHHHHHHHHHHHHHHHHHHHHHHHHHHHHHGGGHGHHHHHHHHHHHHDDDDDDDDDDDDDDDDDDDDDDDDDDDDDDDDDDDDDDDDDDDDDDDDDDDDDDDDDDDDGFBFFFFAA3AA>;IGHV5-51*00(830);IGHD6-13*00(60),IGHD6-25*00(60),IGHD6-6*00(55);IGHJ4*00(144);;369|535|556|0|166||830.0;"21|33|63|168|180||60.0;18|30|54|168|180||60.0;20|31|54|170|181||55.0";18|50|68|197|229|SA45C|144.0;;region_not_covered;region_not_covered;region_not_covered;region_not_covered;region_not_covered;region_not_covered;ATCTATCCTGGTGACTCTGATACC;38;AGATACAGCCCGTCCTTCCAAGGCCAGGTCACCATCTCAGCCGACAAGTCCATCAGCACCGCCTACCTGCAGTGGAGCAGCCTGAAGGCCTCGGACACCGCCATGTATTAC;36;TGTGCGAGACGGGGGTATAGCAGCTGGCCCACCCACTCCCTGTACTACTTTGACTACTGG;35;region_not_covered;region_not_covered;region_not_covered;region_not_covered;region_not_covered;IYPGDSDT;RYSPSFQGQVTISADKSISTAYLQWSSLKASDTAMYY;CARRGYSSWPTHSLYYFDYW;region_not_covered;:::::::21:45:156:-1:166:168:0:-9:180:197:2:216:::
26;1.0;1.8647670905903854E-5;GTTCTGGATACAGCTTTACCAACTACTGGATCGGCTGGGTGCGCCAGATGCCCGGGAAAGGCCTGGAGTGGATGGGGATCATCTATCCTGGTGACTCTGATACCAGATACAGCCCGTCCTTCCAAGGCCAGGTCACCATCTCAGCCGACAAGTCCATCAGCACCGCCTACCTGCAGTGGAGCAGCCTGAAGGCCTCGGACACCGCCATGTATTACTGTGCGAGACGGGGGTATAGCAGCAGCTGACCGACCCACTCCTTGTACTACTTTGACTACTGGGGCCAGGGAACCC;BBAABFFFBFFFGGGGGGGGGGGHHHHHHHHHGGGGGGGGGGGGGGGHHHGHHGGGGGHHHHHHGHGGHHGHHFGHGEGGHHHHHHHHHHHGHHGHHHHHHHHHHHHHHHHHHHGGFGGGHHHHHHGHHHHHHHHGHHHHHHHGGHHHHHHHHHHHHHHGGGGGHGHFGHHHHHHHHHHHGHHHHHHHHHGGGGGGHHGGGGGHHHHHHHHHHHHGGGGGGGGGGGGGGGGGGGGGGGGGGGGGGGGGGGGGGGGGGGGGGGGGGGGGGGGGGGGGGGGFCFFFFFCCDCC;IGHV5-51*00(1109);IGHD6-13*00(85);IGHJ4*00(160);;310|535|556|0|225|SG331A|1109.0;21|38|63|227|244||85.0;18|50|68|259|291||160.0;;region_not_covered;region_not_covered;GGATACAGCTTTACCAACTACTGG;33;ATCGGCTGGGTGCGCCAGATGCCCGGGAAAGGCCTGGAGTGGATGGGGATC;36;ATCTATCCTGGTGACTCTGATACC;38;AGATACAGCCCGTCCTTCCAAGGCCAGGTCACCATCTCAGCCGACAAGTCCATCAGCACCGCCTACCTGCAGTGGAGCAGCCTGAAGGCCTCGGACACCGCCATGTATTAC;37;TGTGCGAGACGGGGGTATAGCAGCAGCTGACCGACCCACTCCTTGTACTACTTTGACTACTGG;38;region_not_covered;region_not_covered;region_not_covered;GYSFTNYW;IGWVRQMPGKGLEWMGI;IYPGDSDT;RYSPSFQGQVTISADKSISTAYLQWSSLKASDTAMYY;CARRGYSSS*PTHSLYYFDYW;region_not_covered;:::::5:29:80:104:215:-1:225:227:0:-4:244:259:2:278:::
27;1.0;1.8647670905903854E-5;GGCCTGGAGTGGATGGGGATCATCTATCCTGGTGACTCTGATACCAGATACAGCCCGTCCTTCCAAGGCCAGGTCACCATCTCAGCCGACAAGTCCATCAGCACCGCCTACCTGCAGTGGAGCAGCCTGAAGGCCTCGGACACCGCCATGTATTACTGTGCGAGACGGGGATATAGCAGTAGCTGCCCACCCACTCCCTGTACTACTTTGACTACTGGGGCCAGGGAACCC;BCBCCCDFFFFBGGGGGGGGGGHHHHHHHHHHHHHHHHHHHHHHHHHGHHHHHHHGGGGGGHHHHHHGHHHHHGHHHHHHHHHHHHHHHGHHHHHHHHHHHHHHHHGHGHHHHHHHHHHHHHHHHHHHHHHHHHHHHHHGGGHGHHHHHHHHHGHHFFFFFFFFFFFFFFFFFFFFFFFFFFFFFFFFFFFFFFFFFFFFFFFFFFFFFFFFFFFFFFGFBFFFFFAABBA;IGHV5-51*00(830);IGHD6-13*00(54),IGHD6-19*00(54);IGHJ4*00(160);;369|535|556|0|166||830.0;"24|38|63|171|185|SC32T|54.0;24|38|63|171|185|SG33A|54.0";18|50|68|199|231||160.0;;region_not_covered;region_not_covered;region_not_covered;region_not_covered;region_not_covered;region_not_covered;ATCTATCCTGGTGACTCTGATACC;38;AGATACAGCCCGTCCTTCCAAGGCCAGGTCACCATCTCAGCCGACAAGTCCATCAGCACCGCCTACCTGCAGTGGAGCAGCCTGAAGGCCTCGGACACCGCCATGTATTAC;38;TGTGCGAGACGGGGATATAGCAGTAGCTGCCCACCCACTCCCTGTACTACTTTGACTACTGG;37;region_not_covered;region_not_covered;region_not_covered;region_not_covered;region_not_covered;IYPGDSDT;RYSPSFQGQVTISADKSISTAYLQWSSLKASDTAMYY;CARRGYSSSC_THSLYYFDYW;region_not_covered;:::::::21:45:156:-1:166:171:-3:-4:185:199:2:218:::
28;1.0;1.8647670905903854E-5;CAGTAGTAGTTACTACTGGGGCTGGATCCGCCAGCCCCCAGGGAAGGGGCTGGAGTGGATTGGGAGTATCTATTATAGTGGGAGCACCTACTACAACCCGTCCCTCAAGAGTCGAGTCACCATATCCGTAGACACATCCAAGAACCAGTTCTCCCTGAAGCTGAGCTCTGTGACCGCCGCAGACACGGCTGTGTATTACTGTGCGAGACAGGCCCAAAAATTATGATATTTTAACTGCCCGGGTGGTACTACTACATGGACGTCTGGGGCAAAGGG;"AABAAFFFFFFFGGGGGGGGGGGGGHHHHHFGGGGGGGGGGGGGHGGGGGGGGFHEGGFHHHHHEFEFFHHHHHHHHHGFHHFGGHHHHHHHHHHHHGGGFGGGHGHHHGFGFEECFFHHHGHHFHFGGHGGHHHGHGHHHGH;HHHGHH?/FGFFFGGF22GF2=F2FGD<BGGGGGHHHHHGEGHHHHHHHHHHHHHCCCCCCCCCCCCCCCCCCCCCCCCCCCCCCCCCCCCCCCCCCCCCCCCCCCCCCCCCCCCCCCCCCCCFFFFDDDDC";IGHV4-39*00(1034);IGHD2-2*00(60),IGHD3-9*00(58);IGHJ6*00(89);;329|539|559|0|210|SG464A|1034.0;"11|23|93|243|255||60.0;33|51|93|219|237|SC37TSG46A|58.0";40|61|83|255|276|SC55A|89.0;;region_not_covered;region_not_covered;region_not_covered;region_not_covered;TGGGGCTGGATCCGCCAGCCCCCAGGGAAGGGGCTGGAGTGGATTGGGAGT;36;ATCTATTATAGTGGGAGCACC;37;TACTACAACCCGTCCCTCAAGAGTCGAGTCACCATATCCGTAGACACATCCAAGAACCAGTTCTCCCTGAAGCTGAGCTCTGTGACCGCCGCAGACACGGCTGTGTATTAC;14;TGTGCGAGACAGGCCCAAAAATTATGATATTTTAACTGCCCGGGTGGTACTACTACATGGACGTCTGG;34;region_not_covered;region_not_covered;region_not_covered;region_not_covered;WGWIRQPPGKGLEWIGS;IYYSGST;YYNPSLKSRVTISVDTSKNQFSLKLSSVTAADTAVYY;CARQAQKL*YF_LPGWYYYMDVW;region_not_covered;::::::16:67:88:199:0:210:243:20:-39:255:255:-20:267:::
29;1.0;1.8647670905903854E-5;CTACTGGATCGGCTGGGTGCGCCAGATGCCCGGGAAAGGCCTGGAGTGGATGGGGATCATCTATCCTGGTGACTCTGATACCAGATACAGCCCGTCCTTCCAAGGCCAGGTCACCATCTCAGCCGACAAGTCCATCAGCACCGCCTACCTGCAGTGGAGCAGCCTGAAGGCCTCGGACACCGCCACGTATTACTGTGCGAGACAGGGGTATAGTAGCAGCTGGCCCACCCACTCCCTATACTACTTTGACTACTGGGGCCAGGGCACC;ABBBBFFFFFBBGGGGGFEGGGGGGHHGHHHGGGGGHFHDHHGHFHHHGGHGGHGFGGHGFFHHGFFHHBEGHEGGHHHHHHHGHHHHHGGEGGGGG?GHFHHHEHHFHGFFHHHFHHHHGGHHGCHHHHGHHHHHHGHHHHGGHHGHHHHGHHHHHHGHHHHHHHGHGGFGGGGGGGGGGEFGFHHHHHFGGDDDDDDDDDDDDDDDDDDDDDDDDDDDDDDDDDDDDDDDDDDDDDDDDDDDDDDDDDDDDDDDFFCFFFFBAAAA;IGHV5-51*00(1004);IGHD6-13*00(74);IGHJ4*00(134);;332|536|556|0|204|ST517C|1004.0;21|39|63|205|223|SC29T|74.0;19|49|68|238|268|SA45C|134.0;;region_not_covered;region_not_covered;region_not_covered;region_not_covered;ATCGGCTGGGTGCGCCAGATGCCCGGGAAAGGCCTGGAGTGGATGGGGATC;33;ATCTATCCTGGTGACTCTGATACC;33;AGATACAGCCCGTCCTTCCAAGGCCAGGTCACCATCTCAGCCGACAAGTCCATCAGCACCGCCTACCTGCAGTGGAGCAGCCTGAAGGCCTCGGACACCGCCACGTATTAC;30;TGTGCGAGACAGGGGTATAGTAGCAGCTGGCCCACCCACTCCCTATACTACTTTGACTACTGG;35;region_not_covered;region_not_covered;region_not_covered;region_not_covered;IGWVRQMPGKGLEWMGI;IYPGDSDT;RYSPSFQGQVTISADKSISTAYLQWSSLKASDTATYY;CARQGYSSSWPTHSLYYFDYW;region_not_covered;::::::7:58:82:193:0:204:205:0:-3:223:238:1:256:::
30;1.0;1.8647670905903854E-5;GAGACAATTCCGAGAACACCGTGTATCTTCAGATGAAGGGCCTGAGAGTTGAAGACACGGCTGTATATTATTGTGCGAGAGTCTCCTTGGGGGGTGAGTTCCTTTCTTTCAGAGACTACGGCATGGACGTCTGGGGCCAAGGGACCACGGT;FHHHHHGGGGGHHHGEGFGGHHHHHHHHFHHHHHHHHGGHHHHHHGHHHHHHHHHGGGHHHHGHHHHHHHHDDDDDDDDDDDDDDDDDDDDDDDDDDDDDDDDDDDDDDDDDDDDDDDDDDDDDDDDDDDDDDDGGGGGFFBB>>>>>>>>;IGHV3-66*00(245);IGHD3-16*00(35),IGHD1-7*00(30);IGHJ6*00(169);;469|550|571|0|81|SA480GSG488CSC489GSA500GSC506GSA507GSC517TSG521ASG533ASC539T|245.0;"52|59|111|86|93||35.0;2|8|51|96|102||30.0";32|69|83|114|151|ST39C|169.0;;region_not_covered;region_not_covered;region_not_covered;region_not_covered;region_not_covered;region_not_covered;region_not_covered;region_not_covered;region_not_covered;region_not_covered;TGTGCGAGAGTCTCCTTGGGGGGTGAGTTCCTTTCTTTCAGAGACTACGGCATGGACGTCTGG;35;region_not_covered;region_not_covered;region_not_covered;region_not_covered;region_not_covered;region_not_covered;region_not_covered;CARVSLGGEFLSFRDYGMDVW;region_not_covered;:::::::::71:-1:81:86:-15:-15:93:114:-12:134:::
31;1.0;1.8647670905903854E-5;CCTCTGGATTCACCGTCAGTAGCAACTACATGAGCTGGGTCCGCCAGGCTCCAGGGAAGGGGCTGGAGTGCGTCTCAGTTATTTATAGCGGTGGCAGCACATACTACGCAGACTCCGTGAAGGGCCGATTCACCATCTCCAGAGACAATTCCAAGAACACGGTTTATCTTCAAGTGAACAGCCTGAGAGCCGAGGACACGGCCGTGTATTACTGTGCGAGAGGGGGGGACTGGAACTACGCCTACTTTGACTCCTGGGGCCAGGGA;AABCCFFFFFFFGGGGFFGGGGHHHHHHHHHHHHHHHHGHHGGGGGGHHHHGHHGGGHGGGGGGGGHHHFHGFGFHHHHHHHHHHHHHHGGFGGHHGGHHHHHHHHHGGGGGHHHHHHGGGHGGGGHHHHHHHGHHHHHHHHHHHHHHHFHHHFHGGGCGFGDHGFHHHHHHHHHGGGHEFFEHHHGFGGGHHHFHEECGGGGHHHGHFFGEBBBBBBBBBBBBBBBBBBBBBBBBBBBBBBBBBBBBBBBBBBBBBFFAFAA?AA;IGHV3-53*00(1014);IGHD1-7*00(60);IGHJ4*00(109);;328|550|571|0|222|SG335ASG398CST422CSC489GSG491TSA501G|1014.0;23|35|51|228|240||60.0;21|46|68|241|266|SA32C|109.0;;region_not_covered;region_not_covered;GGATTCACCGTCAGTAGCAACTAC;37;ATGAGCTGGGTCCGCCAGGCTCCAGGGAAGGGGCTGGAGTGCGTCTCAGTT;37;ATTTATAGCGGTGGCAGCACA;37;TACTACGCAGACTCCGTGAAGGGCCGATTCACCATCTCCAGAGACAATTCCAAGAACACGGTTTATCTTCAAGTGAACAGCCTGAGAGCCGAGGACACGGCCGTGTATTAC;34;TGTGCGAGAGGGGGGGACTGGAACTACGCCTACTTTGACTCCTGG;33;region_not_covered;region_not_covered;region_not_covered;GFTVSSNY;MSWVRQAPGKGLECVSV;IYSGGST;YYADSVKGRFTISRDNSKNTVYLQVNSLRAEDTAVYY;CARGGDWNYAYFDSW;region_not_covered;:::::5:29:80:101:212:-1:222:228:-6:1:240:241:-1:257:::
32;1.0;1.8647670905903854E-5;CTTCTGGATACACCTTCACCGGCTACTATATGCACTGGGTGCGACAGGCCCCTGGACAAGGGCTTGAGTGGATGGGATGGATCAACCCTAACAGTGGTGGCACAAACTATGCACAGAAGTTTCAGGGCTGGGTCACCATGACCAGGGACACGTCCATCAGCACAGCCTACATGGAGCTGAGCAGGCTGAGATCTGACGACACGGCCGTGTATTACTGTGCGAGAGATTAGTATGTACTAATGGTGTATGCTATAAGACAACTGGTTCGACCCCTGGGGCCAGGGA;BBCCCFFFFFFFGGGGGGGGGGGGGHHHHHHHHHHHHHHGGGGGGGGGGGGGHGHHHHHHHGGHHGHHHHGHHHGHHHGGHHHHHHHGHHHHGHHHHFFGHHHHHHGHHHHHGHHHHHHHGHHHHFHGGGGGHHHHHHHHHHHHHHHGGGHC0FEHGHHHHHHHGEHHHGHHHHHHHHHHHHHHHHHHFHHGFFGGGHHGGGEE?FHHEHHHHGHAAAAAAAAAAAAAAAAAAAAAAAAAAAAAAAAAAAAAAAAAAAAAAAAAAAAAAAAAAAAA1?AFA>1A1;IGHV1-2*00(1135);IGHD2-8*00(78);IGHJ5*00(145);;312|539|558|0|227||1135.0;38|60|93|232|254|SG44ASG45A|78.0;20|49|71|256|285||145.0;;region_not_covered;region_not_covered;GGATACACCTTCACCGGCTACTAT;37;ATGCACTGGGTGCGACAGGCCCCTGGACAAGGGCTTGAGTGGATGGGATGG;38;ATCAACCCTAACAGTGGTGGCACA;37;AACTATGCACAGAAGTTTCAGGGCTGGGTCACCATGACCAGGGACACGTCCATCAGCACAGCCTACATGGAGCTGAGCAGGCTGAGATCTGACGACACGGCCGTGTATTAC;15;TGTGCGAGAGATTAGTATGTACTAATGGTGTATGCTATAAGACAACTGGTTCGACCCCTGG;32;region_not_covered;region_not_covered;region_not_covered;GYTFTGYY;MHWVRQAPGQGLEWMGW;INPNSGGT;NYAQKFQGWVTMTRDTSISTAYMELSRLRSDDTAVYY;CARD*YVLMV_ML*DNWFDPW;region_not_covered;:::::5:29:80:104:215:1:227:232:-7:-2:254:256:0:276:::
33;1.0;1.8647670905903854E-5;GGATTTCATACATTACTAATAGCGGTATTACCATGTACTACGCAGACTCCGTGAAGGGCCGATTCACCATCTCCAGGGACAACGCCAAGAACTCACTGTATCTGCAAATGAACAGCCTGAGAGCCGAGGACGCGGCCGTGTATTACTGTGCGAGAGATCACCGTGATGGTAGTTCACCGATCGACTACTGGGGCCAGGGCACCCTGGTCACCGTC;BCCBBFFFFFFFGGGGGGGGGGHGGGGGHHHHHHHHHHHHHGGGGGHHHHGHGGGHGCGGGGGGHHHHHHHHHHHHHHGGGHHHGHHHHHHHHHHHHHHHHHHHHHHHHHHHHHHHHHHHHHHHGHGGGGHGGGGGGHHHHHHHHHGGGGGGGGGGGGGGGGGGGGGGGGGGGGGGGGGGGGGGGGGGGGGHHGGGGGGGGGGFFFFCCBDDDDD;IGHV3-11*00(667);IGHD1-7*00(35),IGHD2-15*00(34),IGHD3-22*00(34);IGHJ4*00(149),IGHJ1*00(145);;393|552|570|0|159|SG395ASG408CSG411AST415CSG420TSA427GST442CSA524G|667.0;"0|7|51|168|175||35.0;42|52|93|162|172|SG45A|34.0;40|50|93|163|173|SA44G|34.0";"28|61|68|182|215|SA45C|149.0;36|41|72|186|191||25.0";;region_not_covered;region_not_covered;region_not_covered;region_not_covered;region_not_covered;region_not_covered;ATTACTAATAGCGGTATTACCATG;37;TACTACGCAGACTCCGTGAAGGGCCGATTCACCATCTCCAGGGACAACGCCAAGAACTCACTGTATCTGCAAATGAACAGCCTGAGAGCCGAGGACGCGGCCGTGTATTAC;34;TGTGCGAGAGATCACCGTGATGGTAGTTCACCGATCGACTACTGG;38;region_not_covered;region_not_covered;region_not_covered;region_not_covered;region_not_covered;ITNSGITM;YYADSVKGRFTISRDNAKNSLYLQMNSLRAEDAAVYY;CARDHRDGSSPIDYW;region_not_covered;:::::::11:35:146:2:159:168:17:-27:175:182:-8:191:::
34;1.0;1.8647670905903854E-5;GTCTGGAGCAGAGGTGAAAAAGCCCGGGGAGTCTCTGAAGATCTCCTGTAAGGGTTCTGGATACAGCTTTACCAACTACTGGATCGGCTGGGTGCGCCAGATGCCCGGGAAAGGCCTGGAGTGGATGGGGATCATCTATCCTGGTGACTCT,GTCACCATCTCAGCCGACAAGTCCATCAGCACCGCCTACCTGCAGTGGAGCAGCCTGAAGGCCTCGGACACCGCCATGTATTACTGTGCGAGAAGGCTAATGAGCAGCAGCTGGTACGGGTGGTACTTCGATCTCTGGGGCCGTGGAACCC;AAAABFFFBBFFGFFAGFGGGGHHHGGGGCEEHCHHHHHHHHHHGHHHGHHHGFGEFFHHHHHHHGHHHHFHHGHGHGHHHGHBFFGGGCFEGFGGGFFEGGDGHFGEGGC/FFFHHGHBFCHGBBCGHGFEGGFGHHHHGFFH>FFCGHG,FHHHFEGHHHCGGCDFHFHHG0HHHHHHGGDGGHFHGCHGDHHFHHHHHGHFFHHHHFGGGGEGGHHEEEGGHHHHHHHHHFEHEEEEEEEEEEEEEEEEEEEEEEEEEEEEEEEEEEEEEEEEEEEEEEEEEEEEEEGBBBFFFFAAAAA;IGHV5-51*00(1204);IGHD6-13*00(80);IGHJ2*00(139);;257|408|556|0|151|SG331A|739.0,441|534|556|0|93||465.0;,27|43|63|102|118||80.0;,24|55|73|120|151|SC50A|139.0;;region_not_covered;region_not_covered;GGATACAGCTTTACCAACTACTGG;37;ATCGGCTGGGTGCGCCAGATGCCCGGGAAAGGCCTGGAGTGGATGGGGATC;14;region_not_covered;region_not_covered;region_not_covered;region_not_covered;TGTGCGAGAAGGCTAATGAGCAGCAGCTGGTACGGGTGGTACTTCGATCTCTGG;36;region_not_covered;region_not_covered;region_not_covered;GYSFTNYW;IGWVRQMPGKGLEWMGI;region_not_covered;region_not_covered;CARRLMSSSWYGWYFDLW;region_not_covered;:::::58:82:133::::::::::::::,:::::::::84:-2:93:102:-6:1:118:120:-4:138:::
35;1.0;1.8647670905903854E-5;GGAATGGAGCCCCTGATTCAAATTTTGTGTCTCCCCCACAGGAGTCTGTGCCGAGGTGCAGCTGATGCAGTCTGGAGCAGAGGTGAAAAAGCCCGGGGAGTCTCTGAAGATCTCCTGTAAGGGTTCTGGATACAGCTTTACCAGTTACTGG,CATCTCAGCCGACAAGTCCATCAGCACCGCCTACCTGCAGTGGAGCAGCCTGAAGGCCTCGGACACCGCCATGTATTACTGTGCGAGAAGGCTAATGAGCAGCAGCTGGCCCACCCACTCCCTGTACTACTTTGACTACTGGGGCCAGGGC;BBBBBFFFFFBBGGGFGGFGGGHHHHHFFHHHFHFGGGGDHHFGHHHFHHFHGGGFEGHHHHHHHHHHFFGHHHGBGHGHGHG3FFDGHHGHHHE?EGEEEFFFBFFFFGHHFFHHHHHFHHHGHHFHBGHBHHHHHHHHHHHHHHFFHGF,HHGHHGGGGGHHFGHHHGHHFHHGC>GGHGHFFHHHHHHHHHHHGHGHFHHHHHGGGGGGHHEGEGGHHHHHHHHHHHHBBBBBBBBBBBBBBBBBBBBBBBBBBBBBBBBBBBBBBBBBBBBBBBBBBBBBBBBBBBBBBBFFBFBBBBB;IGHV5-51*00(1147);IGHD6-13*00(60);IGHJ4*00(124);;188|339|556|0|151|SA192TSG252ASC332T|707.0,446|534|556|0|88||440.0;,27|39|63|97|109||60.0;,18|46|68|123|151|SA45C|124.0;;GAGGTGCAGCTGATGCAGTCTGGAGCAGAGGTGAAAAAGCCCGGGGAGTCTCTGAAGATCTCCTGTAAGGGTTCT;18;GGATACAGCTTTACCAGTTACTGG;33;region_not_covered;region_not_covered;region_not_covered;region_not_covered;region_not_covered;region_not_covered;TGTGCGAGAAGGCTAATGAGCAGCAGCTGGCCCACCCACTCCCTGTACTACTTTGACTACTGG;33;region_not_covered;region_not_covered;EVQLMQSGAEVKKPGESLKISCKGS;GYSFTSYW;region_not_covered;region_not_covered;region_not_covered;CARRLMSSSWPTHSLYYFDYW;region_not_covered;:::41:52:127:151:::::::::::::::,:::::::::79:-2:88:97:-6:-3:109:123:2:142:::
36;1.0;1.8647670905903854E-5;AGAGGCCTTGAGTGGCTGGGAAGGACATACTACAGGTCCAAGTGGTATAATGATTATGCAGTATCTGTGAAAAGTCGAATAACCATCAACCCAGACACATCCAAGAACCAGTTCTCCCTGCAGCTGAACTCTGTGACTCCCGAGGACACGGCTGTGTATTACTGTGCAAGAGGGCCCTCCCCTCTTAGTGGGAGCTACCCCACGATCGGATACTGGTACTTCAATCTCTGGGGCCGTGGCACCCTGGTCACCGT;CCCBCCCFFFFFGGGGGGGGGGGGHHHHHHHHHHHHHHHHHHHHHFGHHHHHHHHHHHHHHHHHHHHHHHHHHHHHGGGHGHHHHHHHHHGGGGHGHHHHHHHHHHHHHHHHHHHHHHHHHHHHHHHHHHHHHHHHHHHHGHHHHHHHHHHHHHHHHHHHGHEEEEEEEEEEEEEEEEEEEEEEEEEEEEEEEEEEEEEEEEEEEEEEEEEEEEEEEEEEEEEEEEEEEEEGGGGGGGGGGGCFFFFCCCCCCC;IGHV6-1*00(860);IGHD1-26*00(65);IGHJ2*00(188);;375|547|568|0|172||860.0;24|37|60|185|198||65.0;21|65|73|210|254|SG33AST62C|188.0;;region_not_covered;region_not_covered;region_not_covered;region_not_covered;region_not_covered;region_not_covered;ACATACTACAGGTCCAAGTGGTATAAT;37;GATTATGCAGTATCTGTGAAAAGTCGAATAACCATCAACCCAGACACATCCAAGAACCAGTTCTCCCTGCAGCTGAACTCTGTGACTCCCGAGGACACGGCTGTGTATTAC;38;TGTGCAAGAGGGCCCTCCCCTCTTAGTGGGAGCTACCCCACGATCGGATACTGGTACTTCAATCTCTGG;36;region_not_covered;region_not_covered;region_not_covered;region_not_covered;region_not_covered;TYYRSKWYN;DYAVSVKSRITINPDTSKNQFSLQLNSVTPEDTAVYY;CARGPSPLSGSYPTIGYWYFNLW;region_not_covered;:::::::24:51:162:-1:172:185:-4:-3:198:210:-1:231:::
37;1.0;1.8647670905903854E-5;CACTCACCTGTGCCATCTCCGGGGACAGTGTCTCTAGCAACAGTGCTGCTTGGAACTGGATCAGGCAGTCCCCATCGAGAGGCCTTGAGTGGCTGGGAAGGACATACTACAGGTCCAAGTGGTATAATGATTATGCAGTATCTGTGAAAAG,AACCCAGACACATCCAAGAACCAGTTCTCCCTGCAGCTGAACTCTGTGACTCCCGAGGACACGGCTGTGTATTACTGTGCAAGAGGGCCCCCCTCTTAGTGGGAGCTACCCCACGGTCGGATACTGGTACTTCGATTTCTGGGGCCAAGGG;>AAAAFFFFFFFGGGGGGGGGGGGGGGGHHHHHHHHHHHHHHHHHHHHHGGFGHHHHHHHHHHGGHHGHHHHHHGGGHGHGGGGHHHHHFHGGHGGGHHFGHEHHHHHHHHGHHHHGHGFGHFHHHHHHGFHHHGHHGHHFGHHHFHHFHC,EFFFFFFFFFFFFFFGGGGGGGGGGGGGGGGGGGGGGGGGGGGGGGGHGGGGGGHHHHHGGGHHHHHHHHHHHHHCCCCCCCCCCCCCCCCCCCCCCCCCCCCCCCCCCCCCCCCCCCCCCCCCCCCCCCCCCCCCCCCCCCFFFFCCCCC;IGHV6-1*00(1180);IGHD1-26*00(65);IGHJ2*00(86);;298|449|568|0|151||755.0,462|547|568|0|85||425.0;,24|37|60|96|109||65.0;,21|51|73|121|151|SC36TSG46AST47ASC50G|86.0;;region_not_covered;region_not_covered;GGGGACAGTGTCTCTAGCAACAGTGCTGCT;38;TGGAACTGGATCAGGCAGTCCCCATCGAGAGGCCTTGAGTGGCTGGGAAGG;37;ACATACTACAGGTCCAAGTGGTATAAT;36;region_not_covered;region_not_covered;TGTGCAAGAGGGCCCCCCTCTTAGTGGGAGCTACCCCACGGTCGGATACTGGTACTTCGATTTCTGG;34;region_not_covered;region_not_covered;region_not_covered;GDSVSSNSAA;WNWIRQSPSRGLEWLGR;TYYRSKWYN;region_not_covered;CARGPPS*WEL_PTVGYWYFDFW;region_not_covered;:::::20:50:101:128:::::::::::::,:::::::::75:-1:85:96:-4:-3:109:121:-1:142:::
38;1.0;1.8647670905903854E-5;GGTGAAGCCCTCGCAGACCCTCTCACTCACCTGTGCCATCTCCGGGGACAGTGTCTCTAGCAACAGTGCTGCTTGGAACTGGATCAGGCAGTCCCCATCGAGAGGCCTTGAGTGGCTGGGAAGGACATACTACAGGTCCAAGTGGTATAAT,ACATCCAAGAACCAGTTCTCCCTGCAGCTGAACTCTGTGACTCCCGAGGACACGGCTGTGTATTACTGTGCAAGAGGGCCCCCCTCTCTTAGTGGGAGCTACCCCACGGTTGGATACTGGTACTTCGATCTCTGGGGCCGTGGCACCCTGT;BCBBBFFFFDFDGGGGGGGGGGHHHHHHHGHHHHHHGHHGHHHGGGGGGGGHHHHHGHHHHHHHHHHHHHHHHHHGHGHHGHHHHHHGHHGHHHHHHHGGHGGGGGGHHHHHGHGGHGGGFGGGHHHHHHHHGGHHHHHHHHFGHDGHHHE,BFBBFFFFFFBFFFFFBFEGGGGGGFGFBGGGFBFFFFGFGFGGGFHHHFCDGHGFGHHHHHHHHHAAAAAAAAAAAAAAAAAAAAAAAAAAAAAAAAAAAAAAAAAAAAAAAAAAAAAAAAAAAAAAAAAAAAAGGGGFFFAACCBBBBA;IGHV6-1*00(1135);IGHD1-26*00(65);IGHJ2*00(169);;275|426|568|0|151||755.0,471|547|568|0|76||380.0;,24|37|60|89|102||65.0;,21|58|73|114|151|SG57T|169.0;;region_not_covered;region_not_covered;GGGGACAGTGTCTCTAGCAACAGTGCTGCT;38;TGGAACTGGATCAGGCAGTCCCCATCGAGAGGCCTTGAGTGGCTGGGAAGG;37;ACATACTACAGGTCCAAGTGGTATAAT;35;region_not_covered;region_not_covered;TGTGCAAGAGGGCCCCCCTCTCTTAGTGGGAGCTACCCCACGGTTGGATACTGGTACTTCGATCTCTGG;32;region_not_covered;region_not_covered;region_not_covered;GDSVSSNSAA;WNWIRQSPSRGLEWLGR;TYYRSKWYN;region_not_covered;CARGPPSLSGSYPTVGYWYFDLW;region_not_covered;:::::43:73:124:151:::::::::::::,:::::::::66:-1:76:89:-4:-3:102:114:-1:135:::
39;1.0;1.8647670905903854E-5;GTAGTAGTTACTACTGGGGCTGGATCCGCCAGCCCCCAGGGAAGGGGCTGGAGTGGATTGGGAGTATCTATTATAGTGGGAGCACCTACTACAACCCGTCCCTCAAGAGTCGAGTCACCATATCCGTAGACACGTCCAAGAACCAGTTCTCCCTGAAGCTGAGCTCTGTGACCGCCGCAGACACGGCTGTGTATTACTGTGCAAGAGGGCCCCCCCCTCTTAGTGGGAGCCACCCCACGGTCGGATACCGATACTTCAATCTCTGGGGCCGTGGAACCC;"AAAAAFFDFFFFGGGGGGGGGGGHHHHHGGGGGGGGGGGGGGHGGGGGGGGHFHHGHHHHGHAGEHHHHHHHHHHHHFGEHGGHHHHGHHHHHHHGGGGFGGHHHGHHHHHGGGHGHGHHHHGHHGGHGGHHHGHHGGHHHHHHHGHHHGGFB0<<0BFBF</BB00:.;@FFFFFFFFFFFDFFFFFFFFFFFFFFEEEEEEEEEEEEEEEEEEEEEEEEEEEEEEEEEEEEEEEEEEEEEEEEEEEEEEEEEEEEEEEEEEEEEGDCCFFFFBBCBB";IGHV4-39*00(1014);IGHD1-26*00(50);IGHJ2*00(108);;331|537|559|0|206|SG533A|1014.0;24|34|60|220|230||50.0;27|55|73|251|279|SG33ASC50A|108.0;;region_not_covered;region_not_covered;region_not_covered;region_not_covered;TGGGGCTGGATCCGCCAGCCCCCAGGGAAGGGGCTGGAGTGGATTGGGAGT;32;ATCTATTATAGTGGGAGCACC;36;TACTACAACCCGTCCCTCAAGAGTCGAGTCACCATATCCGTAGACACGTCCAAGAACCAGTTCTCCCTGAAGCTGAGCTCTGTGACCGCCGCAGACACGGCTGTGTATTAC;13;TGTGCAAGAGGGCCCCCCCCTCTTAGTGGGAGCCACCCCACGGTCGGATACCGATACTTCAATCTCTGG;36;region_not_covered;region_not_covered;region_not_covered;region_not_covered;WGWIRQPPGKGLEWIGS;IYYSGST;YYNPSLKSRVTISVDTSKNQFSLKLSSVTAADTAVYY;CARGPPPLSGSHPTVGYRYFNLW;region_not_covered;::::::14:65:86:197:-2:206:220:-4:-6:230:251:-7:266:::
40;1.0;1.8647670905903854E-5;GTCTCCTTCCTCATCTTCCTGCCCGTGCTGGGCCTCCCATGGGGTCAGTGTCAGGGAGATGCCGTATTCACAGCAGCATTCACAGACTGAGGGGTGTTTCACTTTGCTGTTTCCTTTTGTCTCCAGGTGTCCTGTCACAGGTACAGCTGCA,GACACATCCAAGAACCAGTTCTCCCTGCAGCTGAACTCTGTGACTCCCGAGGACACGGCTGTGTATTACTGTGCAAGAGGGCCCCCCCCTCTTAGTGGGAGATACACAAAGGGCGGATACTGGTACTTCGATCTCTGGGGCCGTGGAACCC;>AAAAFFFFBDFFGFGGGGGGGH4EEAEGHCFHDGFHGHFHHADEEGHHFFHH5FF1EEGHFHGEEFHFBGBF1FGHAGHFB5GFGHHEFGAE?>>EFHFHHGHFHHFEGFHF4FHFHHFHHHHFFFFFFCFFHHHEGFH/BFDFGFFHH@,FFFFFFFFFFFBB9EFFFFFFFFFFFFFFFFFFFBFFFFFFFFFAFFFFFFFFFFFFFEFFFB9BFFFFAAAAAAAAAAAAAAAAAAAAAAAAAAAAAAAAAAAAAAAAAAAAAAAAAAAAAAAAAAAAAAAAAAAAAGBD>BBBB>>>>>;IGHV6-1*00(1150);IGHD1-26*00(49);IGHJ2*00(154);;106|257|568|0|151||755.0,468|547|568|0|79||395.0;,24|37|60|92|105|SC33A|49.0;,21|55|73|117|151|SC50A|154.0;;region_not_covered;region_not_covered;region_not_covered;region_not_covered;region_not_covered;region_not_covered;region_not_covered;region_not_covered;region_not_covered;region_not_covered;TGTGCAAGAGGGCCCCCCCCTCTTAGTGGGAGATACACAAAGGGCGGATACTGGTACTTCGATCTCTGG;32;region_not_covered;region_not_covered;region_not_covered;region_not_covered;region_not_covered;region_not_covered;region_not_covered;CARGPPPLSGRYTKGGYWYFDLW;region_not_covered;::43:126:137:::::::::::::::::,:::::::::69:-1:79:92:-4:-3:105:117:-1:138:::
41;1.0;1.8647670905903854E-5;GAGGCCTTGAGTGGCTGGGAAGGACATACTACAGGTCCAAGTGGTATAATGATTATGCAGTATCTGTGAAAAGTCGAATAACCATCAACCCAGACACATCCAAGAACCAGTTCTCCCTGCAGCTGAACTCTGTGACTCCCGAGGACACGGCTGTGTATTACTGTGCAAGAGGGCCCCCCCCTCTTAGGGGGAACTGGTACTTCAATCTCTGGGGC;DDDDEDFFFFFFGGGGGGGGGGGHHHHHHHHHHHHHHHHHHHHHGHHHHHHHHHHHHIHHGHHHHHHHHHHHHGHGGGHGGHHHHHHHHHGGHHGHHHHHHHHHHHHHHHGHHHHHHHHHHHHHHHHHHHHHHHHHHHHHGGGGGHHHGGGFFFFFFFFFFAAAAAAAAAAAAAAAAAAAAAAAAAAAAAAAAAAAAAAAAAAAAAAAAAAAAAA;IGHV6-1*00(855);IGHD3-16*00(30);IGHJ2*00(99);;376|547|568|0|171||855.0;54|60|111|186|192||30.0;22|45|73|192|215|SG33A|99.0;;region_not_covered;region_not_covered;region_not_covered;region_not_covered;region_not_covered;region_not_covered;ACATACTACAGGTCCAAGTGGTATAAT;38;GATTATGCAGTATCTGTGAAAAGTCGAATAACCATCAACCCAGACACATCCAAGAACCAGTTCTCCCTGCAGCTGAACTCTGTGACTCCCGAGGACACGGCTGTGTATTAC;37;TGTGCAAGAGGGCCCCCCCCTCTTAGGGGGAACTGGTACTTCAATCTCTGG;32;region_not_covered;region_not_covered;region_not_covered;region_not_covered;region_not_covered;TYYRSKWYN;DYAVSVKSRITINPDTSKNQFSLQLNSVTPEDTAVYY;CARGPPPLRGNWYFNLW;region_not_covered;:::::::23:50:161:-1:171:186:-17:-14:192:192:-2:212:::
42;1.0;1.8647670905903854E-5;GGTATAATGATTATGCAGTATCTGTGAAAAGTCGAATAACCATCAACCCAGACACATCCAAGAACCAGTTCTCCCTGCAGCTGAACTCTGTGACTCCCGAGGACACGGCTGTGTATTACTGTGCAAGAGGGCCCCCCCCTCCTAGTGGGAACTACCCCACGGTCGGGTACTGGTACTTCGATCTCTGGGGCCGTGGCACCC;ABAABFFFFFFFGGGGGGGGGGHHHHHHHHHHHGGGHGHHHHHHHHHHGGHHGHHHHIHHIHHHHHHHHHHHHGHHHHHHHHHHHHHHHHHHHHHHHHGFGGGHHHGGGGGHHHHHHHHEEEEEEEEEEEEEEEEEEEEEEEEEEEEEEEEEEEEEEEEEEEEEEEEEEEEEEEEEEEEEEEEEEEEEGBBBFFFAA>BAA;IGHV6-1*00(645);IGHD1-26*00(49);IGHJ2*00(170);;418|547|568|0|129||645.0;24|37|60|142|155|SG32A|49.0;21|55|73|167|201||170.0;;region_not_covered;region_not_covered;region_not_covered;region_not_covered;region_not_covered;region_not_covered;region_not_covered;region_not_covered;GATTATGCAGTATCTGTGAAAAGTCGAATAACCATCAACCCAGACACATCCAAGAACCAGTTCTCCCTGCAGCTGAACTCTGTGACTCCCGAGGACACGGCTGTGTATTAC;37;TGTGCAAGAGGGCCCCCCCCTCCTAGTGGGAACTACCCCACGGTCGGGTACTGGTACTTCGATCTCTGG;36;region_not_covered;region_not_covered;region_not_covered;region_not_covered;region_not_covered;region_not_covered;DYAVSVKSRITINPDTSKNQFSLQLNSVTPEDTAVYY;CARGPPPPSGNYPTVGYWYFDLW;region_not_covered;::::::::8:119:-1:129:142:-4:-3:155:167:-1:188:::
43;1.0;1.8647670905903854E-5;GCTGGGAAGGACATACTACAGGTCCAAGTGGTATAATGATTATGCAGTATCTGTGAAAAGTCGAATAACCATCAACCCAGACACATCCAAGAACCAGTTCTCCCTGCAGCTGAACTCTGTGACTCCCGAGGACACGGCTGTGTATTACTGTGCAAGAGGGCCCCCCCCTAGTGGGAGCTACCCCACGGTCGGATACTGGTACTTCGATCTCTGGGGCCGTGGAACCC;BCABBBFFCCFFGGGGGGGGGGHHHHHHHHHHHHHHHHHHHHHHHHHHHHHHHHHHHHHHHHGGGHGHHHHHHHHHHGGHHGHHHHHHHHHHHHHHHHHHHHHGHHHHHHHHHHHHHHHHHHHHHHHGGGGGHHHGGGGGHHHHHHHHEEEEEEEEEEEEEEEEEEEEEEEEEEEEEEEEEEEEEEEEEEEEEEEEEEEEEEEEEEEEEEEEEEGBCBFFFFCCCCB;IGHV6-1*00(790);IGHD1-26*00(65);IGHJ2*00(154);;389|547|568|0|158||790.0;24|37|60|168|181||65.0;21|55|73|193|227|SC50A|154.0;;region_not_covered;region_not_covered;region_not_covered;region_not_covered;region_not_covered;region_not_covered;ACATACTACAGGTCCAAGTGGTATAAT;37;GATTATGCAGTATCTGTGAAAAGTCGAATAACCATCAACCCAGACACATCCAAGAACCAGTTCTCCCTGCAGCTGAACTCTGTGACTCCCGAGGACACGGCTGTGTATTAC;38;TGTGCAAGAGGGCCCCCCCCTAGTGGGAGCTACCCCACGGTCGGATACTGGTACTTCGATCTCTGG;36;region_not_covered;region_not_covered;region_not_covered;region_not_covered;region_not_covered;TYYRSKWYN;DYAVSVKSRITINPDTSKNQFSLQLNSVTPEDTAVYY;CARGPPPSGSYPTVGYWYFDLW;region_not_covered;:::::::10:37:148:-1:158:168:-4:-3:181:193:-1:214:::
44;1.0;1.8647670905903854E-5;GGGTCCGTCAAGCTCCGGGGAAGGGTCTGGAGTGGGTCTCTCTTATTAGTTGGGATGGTGGTAGCACATACTATGCAGACTCTGTGAAGGGTCGATTCACCATCTCCAGAGACAACAGCAGAAACTCCCTGTATCTGCAAATGGACAGTCTGAGAGCTGAGGACACCGCCTTGTATTACTGTGCAAAAGGGTACTCTAGCGGGCTAGGAGCTTTTGATATCCGGGGCCAAGGGACAATGGTCACCGTC;DDDCDDBCFCCFGGGGGGGGGGGGGGHHHHHHHHGHGHHHHHHHHHHHHHHHHGHHGGGGGEHHHHHHHHHHHHHGHHGHHHHHHHHHHHGHHGGGHHGHHHHHHHHHHHHHHHHHHHHHHHHHHHHHHHHHHHHHHHHHHHHHHHHHHHHHHHHGHGHHHHGGGFGHGHHHHHHHGHHGGGGGGGGGGGGGGGGGGGGGGGGGGGGGGGGGGGGGGGGGGGGGHHGGGGGGGGGGFFFFAAABAAA@;IGHV3-43*00(881);IGHD2-15*00(30),IGHD2-2*00(30),IGHD2-8*00(30);IGHJ3*00(179);;366|555|578|0|189|SC457TSA486GSA509GSA521G|881.0;"29|35|93|203|209||30.0;12|18|93|189|195||30.0;29|35|93|203|209||30.0";24|63|70|209|248|ST36C|179.0;;region_not_covered;region_not_covered;region_not_covered;region_not_covered;region_not_covered;region_not_covered;ATTAGTTGGGATGGTGGTAGCACA;36;TACTATGCAGACTCTGTGAAGGGTCGATTCACCATCTCCAGAGACAACAGCAGAAACTCCCTGTATCTGCAAATGGACAGTCTGAGAGCTGAGGACACCGCCTTGTATTAC;37;TGTGCAAAAGGGTACTCTAGCGGGCTAGGAGCTTTTGATATCCGG;38;region_not_covered;region_not_covered;region_not_covered;region_not_covered;region_not_covered;ISWDGGST;YYADSVKGRFTISRDNSRNSLYLQMDSLRAEDTALYY;CAKGYSSGLGAFDIR;region_not_covered;:::::::44:68:179:-3:189:203:2:-27:209:209:-4:224:::
45;1.0;1.8647670905903854E-5;GTGGGACAACAGAATACGCCGCGTCTGTGAAAGGCAGATTCACCATCTCAAGAGATGATTCCAAAAGCATCGCCTATCTGCAAATGAACAGCCTGAAAACCGAGGACACAGCCGTGTATTACTGTACTAGAGATTCGGGTGTTGCCCTGCCGAGCTACGAAGACTACTACTACGGTATGGACGTCTGGGGCCAAGGGCACCC;BAACBCFCFCAFFCGGGGGGGGGGGGGHHGHGHHHGGGHHHHHGHHGHGHHGHHHHHHHHHHHHHHHHHHHHHHHHHHHHHHHHHHHHHHHHHHHHGGHHGHHHHHHHHHGHHHHHHHHHHHFFFFFFFFFFFFFFFFFFFFFFFFFFFFFFFFFFFFFFFFFFFFFFFFFFFFFFFFFFFFFFFFFFGGFFFFFFAA>?A>;IGHV3-49*00(670);IGHD1-26*00(35),IGHD5-12*00(35),IGHD5-18*00(35);IGHJ6*00(158);;429|563|582|0|134||670.0;"30|37|60|151|158||35.0;35|42|69|153|160||35.0;35|42|69|153|160||35.0";26|65|83|162|202|I61CSA64C|158.0;;region_not_covered;region_not_covered;region_not_covered;region_not_covered;region_not_covered;region_not_covered;region_not_covered;region_not_covered;GAATACGCCGCGTCTGTGAAAGGCAGATTCACCATCTCAAGAGATGATTCCAAAAGCATCGCCTATCTGCAAATGAACAGCCTGAAAACCGAGGACACAGCCGTGTATTAC;34;TGTACTAGAGATTCGGGTGTTGCCCTGCCGAGCTACGAAGACTACTACTACGGTATGGACGTCTGG;37;region_not_covered;region_not_covered;region_not_covered;region_not_covered;region_not_covered;region_not_covered;EYAASVKGRFTISRDDSKSIAYLQMNSLKTEDTAVYY;CTRDSGVALPSYEDYYYGMDVW;region_not_covered;::::::::11:122:1:134:151:-10:-3:158:162:-6:188:::
46;1.0;1.8647670905903854E-5;GTGCTGCTTGGAACTGGATCAGGCAGTCCCCATCGAGAGGCCTTGAGTGGCTGGGAAGGACATACTACAGGTCCAAGTGGTATAATGATTATGCAGTATCTGTGAAAAGTCGAATAACCATCAACCCAGACACATCCAAGAACCAGTTCTCCCTGCAGCTGAACTCTGTGACTCCCGAGGACACGGCTGTGTATTACTGTACAGGAGGGCCCCCCCCTCTTAGTGGGAGCTACCCCACGGTCGGATTCTGGTACTTCGATCTCTGGGGCCGTGGCACCC;"BAABBFFFFFBFGGGGGCGGGGHGHGFHFFHGHFEFGDGDGAGHHHHGFGGFEGCHHGGEHEHGHHHGHEGGHHHBGHHGEGFHGHHHFHHHHHHGHHHFHHGHFFHFC3FGAFHGGFHHHHFHHFDGHHGHHFHHHHGBFGHHGHFGHEDFFFFFFBFFFFFFEFFFFFFB;=FFFFFFF=ABFFFFFFFFF9B/F999999999999999999999999999999999999999999999999999999999999999999999CBBBFFCA>3AAA";IGHV6-1*00(1003);IGHD1-26*00(65);IGHJ2*00(160);;340|547|568|0|207|SG540ASA543G|1003.0;24|37|60|220|233||65.0;23|55|73|247|279||160.0;;region_not_covered;region_not_covered;region_not_covered;region_not_covered;TGGAACTGGATCAGGCAGTCCCCATCGAGAGGCCTTGAGTGGCTGGGAAGG;32;ACATACTACAGGTCCAAGTGGTATAAT;33;GATTATGCAGTATCTGTGAAAAGTCGAATAACCATCAACCCAGACACATCCAAGAACCAGTTCTCCCTGCAGCTGAACTCTGTGACTCCCGAGGACACGGCTGTGTATTAC;14;TGTACAGGAGGGCCCCCCCCTCTTAGTGGGAGCTACCCCACGGTCGGATTCTGGTACTTCGATCTCTGG;24;region_not_covered;region_not_covered;region_not_covered;region_not_covered;WNWIRQSPSRGLEWLGR;TYYRSKWYN;DYAVSVKSRITINPDTSKNQFSLQLNSVTPEDTAVYY;CTGGPPPLSGSYPTVGFWYFDLW;region_not_covered;::::::8:59:86:197:-1:207:220:-4:-3:233:247:-3:266:::
